title,skills,salary,company,description,link
Python/JS FullStack developer,"JavaScript, Python, –Ü–Ω—ñ—Ü—ñ–∞—Ç–∏–≤–Ω—ñ—Å—Ç—å, –°–∞–º–æ—Å—Ç—ñ–π–Ω—ñ—Å—Ç—å, –ë–∞–∂–∞–Ω–Ω—è –≤—á–∏—Ç–∏—Å—è —ñ —Ä–æ–∑–≤–∏–≤–∞—Ç–∏—Å—è",,AM media solutions,"–ú–∏ ‚Äî –º—ñ–∂–Ω–∞—Ä–æ–¥–Ω–∏–π –±—Ä–µ–Ω–¥ —Ç–∞ –∫–æ–º–∞–Ω–¥–∞ –µ–∫—Å–ø–µ—Ä—Ç—ñ–≤ —É –Ω—ñ—à—ñ  iGaming .  –ó–∞ 10 —Ä–æ–∫—ñ–≤  –≤ –∞—Ñ—Ñ—ñ–ª–µ–π—Ç-–º–∞—Ä–∫–µ—Ç–∏–Ω–≥—É, SEO, —Å—Ç–≤–æ—Ä–µ–Ω–Ω—ñ —Ç–∞ –ø—Ä–æ—Å—É–≤–∞–Ω–Ω—ñ —Å–∞–π—Ç—ñ–≤ —É  –¢–æ–ø-1 –ø–æ –≤—Å—å–æ–º—É —Å–≤—ñ—Ç—É  –º–∏ –¥–æ—Å—è–≥–ª–∏ –≤—Ä–∞–∂–∞—é—á–∏—Ö —Ä–µ–∑—É–ª—å—Ç–∞—Ç—ñ–≤ –∑ –Ω–∞–π–≤—ñ–¥–æ–º—ñ—à–∏–º–∏ –±—Ä–µ–Ω–¥–∞–º–∏ –Ω—ñ—à—ñ. –ó–∞ –æ—Å—Ç–∞–Ω–Ω—ñ–π —Ä—ñ–∫ –º–∏ –≤–∏—Ä–æ—Å–ª–∏  –≤—Ç—Ä–∏—á—ñ , —ñ –º–∏ –º–∞—î–º–æ –∞–º–±—ñ—Ç–Ω—ñ –ø–ª–∞–Ω–∏ —â–æ–¥–æ –ø–æ–¥–∞–ª—å—à–æ–≥–æ —Ä–æ–∑–≤–∏—Ç–∫—É –Ω–∞ —Å–≤—ñ—Ç–æ–≤–æ–º—É —Ä–∏–Ω–∫—É.  –ú–∏ –∑–∞–≤–∂–¥–∏ –≤–∏–∫–æ–Ω—É—î–º–æ —Å–≤–æ—ó –∑–æ–±–æ–≤‚Äô—è–∑–∞–Ω–Ω—è, –∑–∞–±–µ–∑–ø–µ—á—É—î–º–æ —Ü—ñ–∫–∞–≤–∏–º–∏ –∑–∞–≤–¥–∞–Ω–Ω—è–º–∏ —Ç–∞ —Å–ø—Ä–∞–≤–µ–¥–ª–∏–≤–æ—é –≤–∏–Ω–∞–≥–æ—Ä–æ–¥–æ—é. –£ –Ω–∞—Å —Ç–∏ –æ—Ç—Ä–∏–º–∞—î—à:  —Å–≤–æ–±–æ–¥—É —É —Ä–µ–∞–ª—ñ–∑–∞—Ü—ñ—ó –≤–ª–∞—Å–Ω–∏—Ö –Ω–∞–π–∞–º–±—ñ—Ü—ñ–π–Ω—ñ—à–∏—Ö —ñ–¥–µ–π;  –º–æ–∂–ª–∏–≤—ñ—Å—Ç—å –∑—Ä–æ—Å—Ç–∞—Ç–∏ –ø—Ä–æ—Ñ–µ—Å—ñ–π–Ω–æ —Ç–∞ —Ä–æ–∑–≤–∏–≤–∞—Ç–∏—Å—è —Ä–∞–∑–æ–º –∑ –Ω–∞–º–∏;  —Ä–æ–±–æ—Ç—É –Ω–∞–¥ –≤–∏—Å–æ–∫–æ–∫–æ–Ω–∫—É—Ä–µ–Ω—Ç–Ω–∏–º–∏ –ø—Ä–æ–µ–∫—Ç–∞–º–∏.   –ó–∞—Ä–∞–∑ —à—É–∫–∞—î–º–æ –≤ –∫–æ–º–∞–Ω–¥—É  –∞–º–±—ñ—Ç–Ω–æ–≥–æ   Python/JS FullStack developer  –∑ –±–∞–∂–∞–Ω–Ω—è–º —Ä–æ–∑–≤–∏–≤–∞—Ç–∏—Å—è —É —Ü—ñ–π —Å—Ñ–µ—Ä—ñ —Ç–∞ –∑–∞–≥–ª–∏–±–∏—Ç–∏—Å—å —É –Ω–∞–ø—Ä—è–º–æ–∫  iGaming . –í–∏–º–æ–≥–∏:  –î–æ—Å–≤—ñ–¥ –∫–æ–º–µ—Ä—Ü—ñ–π–Ω–æ—ó —Ä–æ–∑—Ä–æ–±–∫–∏ –≤—ñ–¥ 2 —Ä–æ–∫—ñ–≤ (Python + JS)  –°–∞–º–æ—Å—Ç—ñ–π–Ω—ñ—Å—Ç—å, —ñ–Ω—ñ—Ü—ñ–∞—Ç–∏–≤–Ω—ñ—Å—Ç—å —Ç–∞ –æ—Ä—ñ—î–Ω—Ç–æ–≤–∞–Ω—ñ—Å—Ç—å –Ω–∞ —Ä–µ–∑—É–ª—å—Ç–∞—Ç  –û–±–æ–≤‚Äô—è–∑–∫–∏:  –†–æ–±–æ—Ç–∞ –Ω–∞–¥ –Ω–æ–≤–∏–º –ø—Ä–æ—î–∫—Ç–æ–º: –Ω–µ–≤–µ–ª–∏–∫–∏–π –≤–Ω—É—Ç—Ä—ñ—à–Ω—ñ–π –∑–∞—Å—Ç–æ—Å—É–Ω–æ–∫ –∫–æ–º–ø–∞–Ω—ñ—ó –∑ –Ω—É–ª—è (–≤–Ω—É—Ç—Ä—ñ—à–Ω—ñ –¥–∞—à–±–æ—Ä–¥–∏ –¥–ª—è –ø–µ–≤–Ω–∏—Ö –∑–∞–≤–¥–∞–Ω—å + AI-—Ä–æ–∑—Ä–æ–±–∫–∞).  –£–º–æ–≤–∏:  –ó–∞—Ä–æ–±—ñ—Ç–Ω–∞ –ø–ª–∞—Ç–∞, –ø—Ä–∏–≤‚Äô—è–∑–∞–Ω–∞ –¥–æ –∫—É—Ä—Å—É –¥–æ–ª–∞—Ä–∞;  –í—ñ–¥–¥–∞–ª–µ–Ω–∏–π —Ñ–æ—Ä–º–∞—Ç —Ä–æ–±–æ—Ç–∏ –∑ –±—É–¥—å-—è–∫–æ—ó —Ç–æ—á–∫–∏ —Å–≤—ñ—Ç—É;  –ì–Ω—É—á–∫–∏–π —Å—Ç–∞—Ä—Ç —Ç–∞ –∑–∞–∫—ñ–Ω—á–µ–Ω–Ω—è —Ä–æ–±–æ—á–æ–≥–æ –¥–Ω—è;  Sick days (5 –¥–Ω—ñ–≤ –Ω–∞ —Ä–æ–±–æ—á–∏–π —Ä—ñ–∫);  –ö–æ—Ä–ø–æ—Ä–∞—Ç–∏–≤–Ω–∞ –∞–Ω–≥–ª—ñ–π—Å—å–∫–∞;  –ö–æ–º–ø–µ–Ω—Å–∞—Ü—ñ—è –º–µ–¥–∏—á–Ω–∏—Ö –≤–∏—Ç—Ä–∞—Ç;  –ö–æ–º–ø–µ–Ω—Å–∞—Ü—ñ—è –≤–∏—Ç—Ä–∞—Ç –Ω–∞ —Å–ø–æ—Ä—Ç;  –ü—Ä–æ–≥—Ä–∞–º–∞ –∑–Ω–∏–∂–æ–∫ —Ç–∞ –±–æ–Ω—É—Å—ñ–≤ –≤—ñ–¥ –ø–∞—Ä—Ç–Ω–µ—Ä—ñ–≤;  –û–ø–ª–∞—Ç–∞ –∑–æ–≤–Ω—ñ—à–Ω—å–æ–≥–æ –Ω–∞–≤—á–∞–Ω–Ω—è –¥–ª—è –ø—ñ–¥–≤–∏—â–µ–Ω–Ω—è —Å–∫—ñ–ª;  –ü–æ–¥–∞—Ä—É–Ω–∫–∏ –¥–æ –î–Ω—è –ù–∞—Ä–æ–¥–∂–µ–Ω–Ω—è —Ç–∞ –∑–Ω–∞—á–Ω—ñ –ø–æ–¥—ñ—ó –≤ —Å—ñ–º'—ó;  –Ø—Å–∫—Ä–∞–≤–µ –∫–æ—Ä–ø–æ—Ä–∞—Ç–∏–≤–Ω–µ –æ—Ñ–ª–∞–π–Ω —Ç–∞ –æ–Ω–ª–∞–π–Ω –∂–∏—Ç—Ç—è (–∫–æ—Ä–ø–æ—Ä–∞—Ç–∏–≤–∏, —Ç—ñ–º–±—ñ–ª–¥—ñ–Ω–≥–∏, –∫–≤—ñ–∑–∏, –∞–∫—Ç–∏–≤–Ω—ñ —ñ–≤–µ–Ω—Ç–∏).  –¢–µ–ª–µ–≥—Ä–∞–º –¥–ª—è –≤—ñ–¥–≥—É–∫—ñ–≤: @AMrecr",https://www.work.ua/en/jobs/5830401/
"–í–∏–∫–ª–∞–¥–∞—á —É –¥–∏—Ç—è—á—É IT-—à–∫–æ–ª—É –ø—Ä–æ–≥—Ä–∞–º—É–≤–∞–Ω–Ω—è (–≥–µ–π–º–¥–∏–∑–∞–π–Ω, Scratch,","CSS, JavaScript, HTML, –ö–æ–º—É–Ω—ñ–∫–∞–±–µ–ª—å–Ω—ñ—Å—Ç—å, –ê–∫—Ç–∏–≤–Ω—ñ—Å—Ç—å, –ü—Ä–æ–≥—Ä–∞–º—É–≤–∞–Ω–Ω—è, –ö—Ä–µ–∞—Ç–∏–≤–Ω—ñ—Å—Ç—å, –†–æ–±–æ—Ç–∞ –∑ –¥—ñ—Ç—å–º–∏, –¢–≤–æ—Ä—á–∏–π –ø—ñ–¥—Ö—ñ–¥, Scratch, –í–∏–∫–ª–∞–¥–∞–Ω–Ω—è, –ë–∞–∂–∞–Ω–Ω—è –≤—á–∏—Ç–∏—Å—è —ñ —Ä–æ–∑–≤–∏–≤–∞—Ç–∏—Å—è",12000 UAH,"Logika, –≤—Å–µ—É–∫—Ä–∞—ó–Ω—Å—å–∫–∞ —à–∫–æ–ª–∞ –ø—Ä–æ–≥—Ä–∞–º—É–≤–∞–Ω–Ω—è –¥–ª—è –¥i—Ç–µ–π","–î–ï –ú–ò –®–£–ö–ê–Ñ–ú–û –ö–ê–ù–î–ò–î–ê–¢–Ü–í :  –º.–ë—É—á–∞ —Ç–∞ –º.–Ü—Ä–ø—ñ–Ω—å   –® –∫–æ–ª–∞ Logika  –∞–∫—Ç–∏–≤–Ω–æ —Ä–æ–∑–≤–∏–≤–∞—î—Ç—å—Å—è —ñ –≤ –∑–≤‚Äô—è–∑–∫—É —ñ–∑ —Ä–æ–∑—à–∏—Ä–µ–Ω–Ω—è–º —à—Ç–∞—Ç—É —Ñ–∞—Ö—ñ–≤—Ü—ñ–≤, –≤—ñ–¥–±—É–≤–∞—î—Ç—å—Å—è –ø–æ—à—É–∫ –≤–∏–∫–ª–∞–¥–∞—á—ñ–≤ —É –Ω–∞—à—É —à–∫–æ–ª—É! –í –Ω–∞—à—ñ–π —à–∫–æ–ª—ñ –ø—Ä–∏—Å—É—Ç–Ω—ñ –∫—É—Ä—Å–∏:  –ö–æ–º–ø‚Äô—é—Ç–µ—Ä–Ω–∞ –≥—Ä–∞–º–æ—Ç–Ω—ñ—Å—Ç—å, Scratch, –ì–µ–π–º–¥–∏–∑–∞–π–Ω,  Python , Front-end —Ç–∞ –ì—Ä–∞—Ñ—ñ—á–Ω–∏–π –¥–∏–∑–∞–π–Ω.  –ü–†–û –®–ö–û–õ–£:  –ú–∏ –≤–ø—Ä–æ–≤–∞–¥–∂—É—î–º–æ –Ω–æ–≤—ñ—Ç–Ω—ñ IT —Ç–µ—Ö–Ω–æ–ª–æ–≥—ñ—ó –≤ –Ω–∞–≤—á–∞–Ω–Ω—è —à–∫–æ–ª—è—Ä—ñ–≤. –ù–∞ –Ω–∞—à–∏—Ö —É—Ä–æ–∫–∞—Ö –¥—ñ—Ç–∏ –Ω–µ –ª–∏—à–µ –≤—á–∞—Ç—å—Å—è –æ—Å–Ω–æ–≤–∞–º –ø—Ä–æ–≥—Ä–∞–º—É–≤–∞–Ω–Ω—è, –≤–æ–Ω–∏ —Ä–æ–∑–≤–∏–≤–∞—é—Ç—å —Å–≤–æ—î –ª–æ–≥—ñ—á–Ω–µ —Ç–∞ –∫—Ä–∏—Ç–∏—á–Ω–µ –º–∏—Å–ª–µ–Ω–Ω—è —ñ –≤–º—ñ–Ω–Ω—è –¥—É–º–∞—Ç–∏ —Ç–∞ –∞–Ω–∞–ª—ñ–∑—É–≤–∞—Ç–∏ —ñ–Ω—Ñ–æ—Ä–º–∞—Ü—ñ—é, –≤ –ø—Ä–æ—î–∫—Ç–Ω—ñ–π —Ä–æ–±–æ—Ç—ñ –ø—Ä–æ—è–≤–ª—è—Ç–∏ –∫—Ä–µ–∞—Ç–∏–≤–Ω—ñ—Å—Ç—å —Ç–∞ —Ç–≤–æ—Ä—á—ñ –∑–¥—ñ–±–Ω–æ—Å—Ç—ñ. –ú–∏ –ø—Ä–æ–ø–æ–Ω—É—î–º–æ:  –ó–∞–π–Ω—è—Ç—ñ—Å—Ç—å –≤—ñ–¥ 3‚àí6+ –≥—Ä—É–ø  –≤—ñ–¥ 500 –≥—Ä–Ω. –∑–∞ –æ–¥–Ω–µ –∑–∞–Ω—è—Ç—Ç—è (–≤ –∑–∞–ª–µ–∂–Ω–æ—Å—Ç—ñ –≤—ñ–¥ –∫—ñ–ª—å–∫–æ—Å—Ç—ñ –¥—ñ—Ç–µ–π —É –≥—Ä—É–ø—ñ)   –ì–Ω—É—á–∫–∏–π –≥—Ä–∞—Ñ—ñ–∫, –º–æ–∂–ª–∏–≤—ñ—Å—Ç—å –æ–±—Ä–∞—Ç–∏ –¥–ª—è —Å–µ–±–µ —Ä–æ–±–æ—á—ñ –≥–æ–¥–∏–Ω–∏.  –ì—Ä–∞—Ñ—ñ–∫ –∑–∞–Ω—è—Ç—å —É–∑–≥–æ–¥–∂—É—î—Ç—å—Å—è.  –í—á–∞—Å–Ω–∞ –≤–∏–ø–ª–∞—Ç–∞ –∑–∞—Ä–æ–±—ñ—Ç–Ω–æ—ó –ø–ª–∞—Ç–∏.  –ü–æ—Å—Ç—ñ–π–Ω–µ –Ω–∞–≤—á–∞–Ω–Ω—è –∑–∞ —Ä–∞—Ö—É–Ω–æ–∫ –∫–æ–º–ø–∞–Ω—ñ—ó –≤—ñ–¥ –Ω–∞—à–∏—Ö –ø—Ä–æ—Ñ–µ—Å—ñ–æ–Ω–∞–ª—ñ–≤.  –ö—Ä—É—Ç–µ –∫–æ–º‚Äô—é–Ω—ñ—Ç—ñ –æ–¥–Ω–æ–¥—É–º—Ü—ñ–≤ —Ç–∞ –∫–æ–º–ø–ª–µ–∫—Å–Ω—É –±–∞–∑—É –∑–Ω–∞–Ω—å –¥–ª—è —Å–ø—ñ–≤—Ä–æ–±—ñ—Ç–Ω–∏–∫—ñ–≤!  –ú–æ—Ç–∏–≤–∞—Ü—ñ—é –¥–ª—è –≤–∏–∫–ª–∞–¥–∞—á—ñ–≤!  –û–±–æ–≤`—è–∑–∫–∏:  –ü—Ä–æ–≤–æ–¥–∏—Ç–∏ –æ—Ñ–ª–∞–π–Ω –∑–∞–Ω—è—Ç—Ç—è –Ω–∞ –ª–æ–∫–∞—Ü—ñ—ó –≤ –æ–¥–Ω–æ–º—É —ñ–∑ –º—ñ—Å—Ç, –¥–µ —Ä–æ–∑—Ç–∞—à–æ–≤–∞–Ω–∞ —à–∫–æ–ª–∞ —ñ–∑ –≤–∏–∫–æ—Ä–∏—Å—Ç–∞–Ω–Ω—è–º –≤–∂–µ –≥–æ—Ç–æ–≤–∏—Ö –º–µ—Ç–æ–¥–∏—á–Ω–∏—Ö —Ç–∞ –ø—Ä–∞–∫—Ç–∏—á–Ω–∏—Ö –º–∞—Ç–µ—Ä—ñ–∞–ª—ñ–≤ —à–∫–æ–ª–∏ Logika;  –°—Ç–≤–æ—Ä—é–≤–∞—Ç–∏ —Ç–∞ –ø—ñ–¥—Ç—Ä–∏–º—É–≤–∞—Ç–∏ –¥—Ä—É–∂–Ω—é —Ä–æ–±–æ—á—É –∞—Ç–º–æ—Å—Ñ–µ—Ä—É –Ω–∞ –∑–∞–Ω—è—Ç—Ç—è—Ö;  –°–ª—ñ–¥–∫—É–≤–∞—Ç–∏ –∑–∞ —Ä–µ–∑—É–ª—å—Ç–∞—Ç–∞–º–∏ —É—á–Ω—ñ–≤;  –í—á–∞—Å–Ω–æ –∑–∞–ø–æ–≤–Ω—é–≤–∞—Ç–∏ —Ñ–æ—Ä–º–∏ —Ç–∞ –∞–¥–º—ñ–Ω—ñ—Å—Ç—Ä–∞—Ç–∏–≤–Ω—É –∑–≤—ñ—Ç–Ω—ñ—Å—Ç—å;  –ü—Ä–æ–≤–æ–¥–∏—Ç–∏ –≤—ñ–¥–∫—Ä–∏—Ç—ñ —É—Ä–æ–∫–∏ –¥–ª—è –±–∞—Ç—å–∫—ñ–≤, —Ç–∞ –¥–∞–≤–∞—Ç–∏ –∑–≤–æ—Ä–æ—Ç–Ω—ñ–π –∑–≤‚Äô—è–∑–æ–∫ –ø—Ä–æ –Ω–∞–≤—á–∞–Ω–Ω—è –¥—ñ—Ç–µ–π;  –•—Ç–æ –Ω–∞–º –ø–æ—Ç—Ä—ñ–±–µ–Ω?:  –ü–æ—Ç—Ä—ñ–±–Ω—ñ  –µ–Ω–µ—Ä–≥—ñ–π–Ω—ñ  —Ç–∞  –≤–º–æ—Ç–∏–≤–æ–≤–∞–Ω—ñ  –≤–∏–∫–ª–∞–¥–∞—á—ñ, —è–∫—ñ –ª–∞–¥–Ω–∞—é—Ç—å —ñ–∑ –∫–æ–º–ø‚Äô—é—Ç–µ—Ä–æ–º –Ω–∞ ¬´—Ç–∏¬ª —Ç–∞ –º–∞—é—Ç—å  –∞–∫—Ç–∏–≤–Ω–∏–π –ø—ñ–¥—Ö—ñ–¥  –¥–æ —Å–≤–æ—î—ó —Ä–æ–±–æ—Ç–∏.  –í–∏—Å–æ–∫–æ —Ä–æ–∑–≤–∏–Ω–µ–Ω—ñ  –∫–æ–º—É–Ω—ñ–∫–∞—Ç–∏–≤–Ω—ñ  –Ω–∞–≤–∏—á–∫–∏ , –¥–æ—Å–≤—ñ–¥ –ø—É–±–ª—ñ—á–Ω–∏—Ö –≤–∏—Å—Ç—É–ø—ñ–≤  –õ—é–±–æ–≤ –¥–æ –¥—ñ—Ç–µ–π  —Ç–∞  –±–∞–∂–∞–Ω–Ω—è  –Ω–∞–≤—á–∞—Ç–∏ —Ç–∞ –Ω–∞–≤—á–∞—Ç–∏—Å—å —Ä–∞–∑–æ–º —ñ–∑ –Ω–∏–º–∏!  –ó–Ω–∞–Ω–Ω—è —Ä—ñ–∑–Ω–∏—Ö –º–æ–≤ –ø—Ä–æ–≥—Ä–∞–º—É–≤–∞–Ω–Ω—è  Python ,Scratch, Lua, HTML,CSS, JavaScript  —Ç–∞ –≤–µ–ª–∏—á–µ–∑–Ω–µ  –±–∞–∂–∞–Ω–Ω—è –≤–∏–≤—á–∞—Ç–∏  –Ω–æ–≤–µ).  –í–µ–ª–∏–∫–æ—é –ø–µ—Ä–µ–≤–∞–≥–æ—é –±—É–¥–µ  –≤–∏—â–∞ –æ—Å–≤—ñ—Ç–∞ –≤ –æ–±–ª–∞—Å—Ç—ñ –Ü–¢ ,  –ø–µ–¥–∞–≥–æ–≥—ñ–∫–∏/–ø—Å–∏—Ö–æ–ª–æ–≥—ñ—ó.  –ö–∞–Ω–¥–∏–¥–∞—Ç–∏  –∑ –¥–æ—Å–≤—ñ–¥–æ–º —Ä–æ–±–æ—Ç–∏ –∑ –¥—ñ—Ç—å–º–∏  –≤ –ø—Ä—ñ–æ—Ä–∏—Ç–µ—Ç—ñ.  –Ø–∫—â–æ —É –í–∞—Å —â–µ –Ω–µ–º–∞—î –¥–æ—Å–≤—ñ–¥—É, –∞–ª–µ —î —Ö–∏—Å—Ç —ñ –±–∞–∂–∞–Ω–Ω—è, —à–∫–æ–ª–∞ –ø—Ä–æ–ø–æ–Ω—É—î –Ω–∞–≤—á–∞–Ω–Ω—è —ñ –ø—ñ–¥—Ç—Ä–∏–º–∫—É. –Ø–∫—â–æ —Å–∞–º–µ –í–ò –±–∞–∂–∞—î—Ç–µ –≤–ª–∞—Å–Ω–æ—Ä—É—á –∑–º—ñ–Ω—é–≤–∞—Ç–∏ –æ—Å–≤—ñ—Ç—É –Ω–∞ –∫—Ä–∞—â–µ ‚Äî —á–µ–∫–∞—î–º–æ –Ω–∞ –í–∞—Å –≤ Logika! –ù–µ –≤—Ç—Ä–∞—á–∞–π—Ç–µ –º–æ–∂–ª–∏–≤—ñ—Å—Ç—å ‚Äî —Ö—É—Ç—á—ñ—à –∑–∞–ª–∏—à–∞–π—Ç–µ –≤—ñ–¥–≥—É–∫, –∞–±–æ –∂ —Ç–µ–ª–µ—Ñ–æ–Ω—É—Ç–µ/–ø–∏—à—ñ—Ç—å: –ó–ê–ü–ò–° –ù–ê –°–ü–Ü–í–ë–ï–°–Ü–î–£ : Viber:  +380990314611 Show phone ‚Äî –ê–Ω–¥—Ä—ñ–π Telegram:  https://t.me/DAndy19976 (@DAndy19976)",https://www.work.ua/en/jobs/5527582/
"–í–∏–∫–ª–∞–¥–∞—á —É –¥–∏—Ç—è—á—É IT-—à–∫–æ–ª—É –ø—Ä–æ–≥—Ä–∞–º—É–≤–∞–Ω–Ω—è (Scratch, –ì–µ–π–º–¥–∏–∑–∞–π–Ω","CSS, JavaScript, HTML, –ö–æ–º—É–Ω—ñ–∫–∞–±–µ–ª—å–Ω—ñ—Å—Ç—å, –ê–∫—Ç–∏–≤–Ω—ñ—Å—Ç—å, –ü—Ä–æ–≥—Ä–∞–º—É–≤–∞–Ω–Ω—è, –ö—Ä–µ–∞—Ç–∏–≤–Ω—ñ—Å—Ç—å, –†–æ–±–æ—Ç–∞ –∑ –¥—ñ—Ç—å–º–∏, –¢–≤–æ—Ä—á–∏–π –ø—ñ–¥—Ö—ñ–¥, Scratch, –í–∏–∫–ª–∞–¥–∞–Ω–Ω—è, –ë–∞–∂–∞–Ω–Ω—è –≤—á–∏—Ç–∏—Å—è —ñ —Ä–æ–∑–≤–∏–≤–∞—Ç–∏—Å—è",12000 UAH,"Logika, –≤—Å–µ—É–∫—Ä–∞—ó–Ω—Å—å–∫–∞ —à–∫–æ–ª–∞ –ø—Ä–æ–≥—Ä–∞–º—É–≤–∞–Ω–Ω—è –¥–ª—è –¥i—Ç–µ–π","–î–ï –ú–ò –®–£–ö–ê–Ñ–ú–û –ö–ê–ù–î–ò–î–ê–¢–Ü–í :  –º.–ë—Ä–æ–≤–∞—Ä–∏   –® –∫–æ–ª–∞ Logika  –∞–∫—Ç–∏–≤–Ω–æ —Ä–æ–∑–≤–∏–≤–∞—î—Ç—å—Å—è —ñ –≤ –∑–≤‚Äô—è–∑–∫—É —ñ–∑ —Ä–æ–∑—à–∏—Ä–µ–Ω–Ω—è–º —à—Ç–∞—Ç—É —Ñ–∞—Ö—ñ–≤—Ü—ñ–≤, –≤—ñ–¥–±—É–≤–∞—î—Ç—å—Å—è –ø–æ—à—É–∫ –≤–∏–∫–ª–∞–¥–∞—á—ñ–≤ —É –Ω–∞—à—É —à–∫–æ–ª—É! –í –Ω–∞—à—ñ–π —à–∫–æ–ª—ñ –ø—Ä–∏—Å—É—Ç–Ω—ñ –∫—É—Ä—Å–∏:  –ö–æ–º–ø‚Äô—é—Ç–µ—Ä–Ω–∞ –≥—Ä–∞–º–æ—Ç–Ω—ñ—Å—Ç—å, Scratch, –ì–µ–π–º–¥–∏–∑–∞–π–Ω,  Python , Front-end —Ç–∞ –ì—Ä–∞—Ñ—ñ—á–Ω–∏–π –¥–∏–∑–∞–π–Ω.  –ü–†–û –®–ö–û–õ–£:  –ú–∏ –≤–ø—Ä–æ–≤–∞–¥–∂—É—î–º–æ –Ω–æ–≤—ñ—Ç–Ω—ñ IT —Ç–µ—Ö–Ω–æ–ª–æ–≥—ñ—ó –≤ –Ω–∞–≤—á–∞–Ω–Ω—è —à–∫–æ–ª—è—Ä—ñ–≤. –ù–∞ –Ω–∞—à–∏—Ö —É—Ä–æ–∫–∞—Ö –¥—ñ—Ç–∏ –Ω–µ –ª–∏—à–µ –≤—á–∞—Ç—å—Å—è –æ—Å–Ω–æ–≤–∞–º –ø—Ä–æ–≥—Ä–∞–º—É–≤–∞–Ω–Ω—è, –≤–æ–Ω–∏ —Ä–æ–∑–≤–∏–≤–∞—é—Ç—å —Å–≤–æ—î –ª–æ–≥—ñ—á–Ω–µ —Ç–∞ –∫—Ä–∏—Ç–∏—á–Ω–µ –º–∏—Å–ª–µ–Ω–Ω—è —ñ –≤–º—ñ–Ω–Ω—è –¥—É–º–∞—Ç–∏ —Ç–∞ –∞–Ω–∞–ª—ñ–∑—É–≤–∞—Ç–∏ —ñ–Ω—Ñ–æ—Ä–º–∞—Ü—ñ—é, –≤ –ø—Ä–æ—î–∫—Ç–Ω—ñ–π —Ä–æ–±–æ—Ç—ñ –ø—Ä–æ—è–≤–ª—è—Ç–∏ –∫—Ä–µ–∞—Ç–∏–≤–Ω—ñ—Å—Ç—å —Ç–∞ —Ç–≤–æ—Ä—á—ñ –∑–¥—ñ–±–Ω–æ—Å—Ç—ñ. –ú–∏ –ø—Ä–æ–ø–æ–Ω—É—î–º–æ:  –ó–∞–π–Ω—è—Ç—ñ—Å—Ç—å –≤—ñ–¥ 3‚àí6+ –≥—Ä—É–ø  –≤—ñ–¥ 500 –≥—Ä–Ω. –∑–∞ –æ–¥–Ω–µ –∑–∞–Ω—è—Ç—Ç—è (–≤ –∑–∞–ª–µ–∂–Ω–æ—Å—Ç—ñ –≤—ñ–¥ –∫—ñ–ª—å–∫–æ—Å—Ç—ñ –¥—ñ—Ç–µ–π —É –≥—Ä—É–ø—ñ)   –ì–Ω—É—á–∫–∏–π –≥—Ä–∞—Ñ—ñ–∫, –º–æ–∂–ª–∏–≤—ñ—Å—Ç—å –æ–±—Ä–∞—Ç–∏ –¥–ª—è —Å–µ–±–µ —Ä–æ–±–æ—á—ñ –≥–æ–¥–∏–Ω–∏.  –ì—Ä–∞—Ñ—ñ–∫ –∑–∞–Ω—è—Ç—å —É–∑–≥–æ–¥–∂—É—î—Ç—å—Å—è.  –í—á–∞—Å–Ω–∞ –≤–∏–ø–ª–∞—Ç–∞ –∑–∞—Ä–æ–±—ñ—Ç–Ω–æ—ó –ø–ª–∞—Ç–∏.  –ü–æ—Å—Ç—ñ–π–Ω–µ –Ω–∞–≤—á–∞–Ω–Ω—è –∑–∞ —Ä–∞—Ö—É–Ω–æ–∫ –∫–æ–º–ø–∞–Ω—ñ—ó –≤—ñ–¥ –Ω–∞—à–∏—Ö –ø—Ä–æ—Ñ–µ—Å—ñ–æ–Ω–∞–ª—ñ–≤.  –ö—Ä—É—Ç–µ –∫–æ–º‚Äô—é–Ω—ñ—Ç—ñ –æ–¥–Ω–æ–¥—É–º—Ü—ñ–≤ —Ç–∞ –∫–æ–º–ø–ª–µ–∫—Å–Ω—É –±–∞–∑—É –∑–Ω–∞–Ω—å –¥–ª—è —Å–ø—ñ–≤—Ä–æ–±—ñ—Ç–Ω–∏–∫—ñ–≤!  –ú–æ—Ç–∏–≤–∞—Ü—ñ—é –¥–ª—è –≤–∏–∫–ª–∞–¥–∞—á—ñ–≤!  –û–±–æ–≤`—è–∑–∫–∏:  –ü—Ä–æ–≤–æ–¥–∏—Ç–∏ –æ—Ñ–ª–∞–π–Ω –∑–∞–Ω—è—Ç—Ç—è –Ω–∞ –ª–æ–∫–∞—Ü—ñ—ó –≤ –æ–¥–Ω–æ–º—É —ñ–∑ –º—ñ—Å—Ç, –¥–µ —Ä–æ–∑—Ç–∞—à–æ–≤–∞–Ω–∞ —à–∫–æ–ª–∞ —ñ–∑ –≤–∏–∫–æ—Ä–∏—Å—Ç–∞–Ω–Ω—è–º –≤–∂–µ –≥–æ—Ç–æ–≤–∏—Ö –º–µ—Ç–æ–¥–∏—á–Ω–∏—Ö —Ç–∞ –ø—Ä–∞–∫—Ç–∏—á–Ω–∏—Ö –º–∞—Ç–µ—Ä—ñ–∞–ª—ñ–≤ —à–∫–æ–ª–∏ Logika;  –°—Ç–≤–æ—Ä—é–≤–∞—Ç–∏ —Ç–∞ –ø—ñ–¥—Ç—Ä–∏–º—É–≤–∞—Ç–∏ –¥—Ä—É–∂–Ω—é —Ä–æ–±–æ—á—É –∞—Ç–º–æ—Å—Ñ–µ—Ä—É –Ω–∞ –∑–∞–Ω—è—Ç—Ç—è—Ö;  –°–ª—ñ–¥–∫—É–≤–∞—Ç–∏ –∑–∞ —Ä–µ–∑—É–ª—å—Ç–∞—Ç–∞–º–∏ —É—á–Ω—ñ–≤;  –í—á–∞—Å–Ω–æ –∑–∞–ø–æ–≤–Ω—é–≤–∞—Ç–∏ —Ñ–æ—Ä–º–∏ —Ç–∞ –∞–¥–º—ñ–Ω—ñ—Å—Ç—Ä–∞—Ç–∏–≤–Ω—É –∑–≤—ñ—Ç–Ω—ñ—Å—Ç—å;  –ü—Ä–æ–≤–æ–¥–∏—Ç–∏ –≤—ñ–¥–∫—Ä–∏—Ç—ñ —É—Ä–æ–∫–∏ –¥–ª—è –±–∞—Ç—å–∫—ñ–≤, —Ç–∞ –¥–∞–≤–∞—Ç–∏ –∑–≤–æ—Ä–æ—Ç–Ω—ñ–π –∑–≤‚Äô—è–∑–æ–∫ –ø—Ä–æ –Ω–∞–≤—á–∞–Ω–Ω—è –¥—ñ—Ç–µ–π;  –•—Ç–æ –Ω–∞–º –ø–æ—Ç—Ä—ñ–±–µ–Ω?:  –ü–æ—Ç—Ä—ñ–±–Ω—ñ  –µ–Ω–µ—Ä–≥—ñ–π–Ω—ñ  —Ç–∞  –≤–º–æ—Ç–∏–≤–æ–≤–∞–Ω—ñ  –≤–∏–∫–ª–∞–¥–∞—á—ñ, —è–∫—ñ –ª–∞–¥–Ω–∞—é—Ç—å —ñ–∑ –∫–æ–º–ø‚Äô—é—Ç–µ—Ä–æ–º –Ω–∞ ¬´—Ç–∏¬ª —Ç–∞ –º–∞—é—Ç—å  –∞–∫—Ç–∏–≤–Ω–∏–π –ø—ñ–¥—Ö—ñ–¥  –¥–æ —Å–≤–æ—î—ó —Ä–æ–±–æ—Ç–∏.  –í–∏—Å–æ–∫–æ —Ä–æ–∑–≤–∏–Ω–µ–Ω—ñ  –∫–æ–º—É–Ω—ñ–∫–∞—Ç–∏–≤–Ω—ñ  –Ω–∞–≤–∏—á–∫–∏ , –¥–æ—Å–≤—ñ–¥ –ø—É–±–ª—ñ—á–Ω–∏—Ö –≤–∏—Å—Ç—É–ø—ñ–≤  –õ—é–±–æ–≤ –¥–æ –¥—ñ—Ç–µ–π  —Ç–∞  –±–∞–∂–∞–Ω–Ω—è  –Ω–∞–≤—á–∞—Ç–∏ —Ç–∞ –Ω–∞–≤—á–∞—Ç–∏—Å—å —Ä–∞–∑–æ–º —ñ–∑ –Ω–∏–º–∏!  –ó–Ω–∞–Ω–Ω—è —Ä—ñ–∑–Ω–∏—Ö –º–æ–≤ –ø—Ä–æ–≥—Ä–∞–º—É–≤–∞–Ω–Ω—è  Python ,Scratch, Lua, HTML,CSS, JavaScript  —Ç–∞ –≤–µ–ª–∏—á–µ–∑–Ω–µ  –±–∞–∂–∞–Ω–Ω—è –≤–∏–≤—á–∞—Ç–∏  –Ω–æ–≤–µ).  –í–µ–ª–∏–∫–æ—é –ø–µ—Ä–µ–≤–∞–≥–æ—é –±—É–¥–µ  –≤–∏—â–∞ –æ—Å–≤—ñ—Ç–∞ –≤ –æ–±–ª–∞—Å—Ç—ñ –Ü–¢ ,  –ø–µ–¥–∞–≥–æ–≥—ñ–∫–∏/–ø—Å–∏—Ö–æ–ª–æ–≥—ñ—ó.  –ö–∞–Ω–¥–∏–¥–∞—Ç–∏  –∑ –¥–æ—Å–≤—ñ–¥–æ–º —Ä–æ–±–æ—Ç–∏ –∑ –¥—ñ—Ç—å–º–∏  –≤ –ø—Ä—ñ–æ—Ä–∏—Ç–µ—Ç—ñ.  –Ø–∫—â–æ —É –í–∞—Å —â–µ –Ω–µ–º–∞—î –¥–æ—Å–≤—ñ–¥—É, –∞–ª–µ —î —Ö–∏—Å—Ç —ñ –±–∞–∂–∞–Ω–Ω—è, —à–∫–æ–ª–∞ –ø—Ä–æ–ø–æ–Ω—É—î –Ω–∞–≤—á–∞–Ω–Ω—è —ñ –ø—ñ–¥—Ç—Ä–∏–º–∫—É. –Ø–∫—â–æ —Å–∞–º–µ –í–ò –±–∞–∂–∞—î—Ç–µ –≤–ª–∞—Å–Ω–æ—Ä—É—á –∑–º—ñ–Ω—é–≤–∞—Ç–∏ –æ—Å–≤—ñ—Ç—É –Ω–∞ –∫—Ä–∞—â–µ ‚Äî —á–µ–∫–∞—î–º–æ –Ω–∞ –í–∞—Å –≤ Logika! –ù–µ –≤—Ç—Ä–∞—á–∞–π—Ç–µ –º–æ–∂–ª–∏–≤—ñ—Å—Ç—å ‚Äî —Ö—É—Ç—á—ñ—à –∑–∞–ª–∏—à–∞–π—Ç–µ –≤—ñ–¥–≥—É–∫, –∞–±–æ –∂ —Ç–µ–ª–µ—Ñ–æ–Ω—É—Ç–µ/–ø–∏—à—ñ—Ç—å: –ó–ê–ü–ò–° –ù–ê –°–ü–Ü–í–ë–ï–°–Ü–î–£ : Viber:  +380990314611 Show phone ‚Äî –ê–Ω–¥—Ä—ñ–π Telegram:  https://t.me/DAndy19976 (@DAndy19976)",https://www.work.ua/en/jobs/5481267/
"–í–∏–∫–ª–∞–¥–∞—á —É –¥–∏—Ç—è—á—É IT-—à–∫–æ–ª—É –ø—Ä–æ–≥—Ä–∞–º—É–≤–∞–Ω–Ω—è (–≥–µ–π–º–¥–∏–∑–∞–π–Ω, Scratch,","CSS, JavaScript, HTML, –ö–æ–º—É–Ω—ñ–∫–∞–±–µ–ª—å–Ω—ñ—Å—Ç—å, –ü—Ä–æ–≥—Ä–∞–º—É–≤–∞–Ω–Ω—è, –ö—Ä–µ–∞—Ç–∏–≤–Ω—ñ—Å—Ç—å, Scratch, –ë–∞–∂–∞–Ω–Ω—è –≤—á–∏—Ç–∏—Å—è —ñ —Ä–æ–∑–≤–∏–≤–∞—Ç–∏—Å—è",14000 UAH,"Logika, –≤—Å–µ—É–∫—Ä–∞—ó–Ω—Å—å–∫–∞ —à–∫–æ–ª–∞ –ø—Ä–æ–≥—Ä–∞–º—É–≤–∞–Ω–Ω—è –¥–ª—è –¥i—Ç–µ–π","–î–ï –ú–ò –®–£–ö–ê–Ñ–ú–û –ö–ê–ù–î–ò–î–ê–¢–Ü–í :  –º.–ë—É—á–∞ —Ç–∞ –º.–Ü—Ä–ø—ñ–Ω—å   –® –∫–æ–ª–∞ Logika  –∞–∫—Ç–∏–≤–Ω–æ —Ä–æ–∑–≤–∏–≤–∞—î—Ç—å—Å—è —ñ –≤ –∑–≤‚Äô—è–∑–∫—É —ñ–∑ —Ä–æ–∑—à–∏—Ä–µ–Ω–Ω—è–º —à—Ç–∞—Ç—É —Ñ–∞—Ö—ñ–≤—Ü—ñ–≤, –≤—ñ–¥–±—É–≤–∞—î—Ç—å—Å—è –ø–æ—à—É–∫ –≤–∏–∫–ª–∞–¥–∞—á—ñ–≤ —É –Ω–∞—à—É —à–∫–æ–ª—É! –í –Ω–∞—à—ñ–π —à–∫–æ–ª—ñ –ø—Ä–∏—Å—É—Ç–Ω—ñ –∫—É—Ä—Å–∏:  –ö–æ–º–ø‚Äô—é—Ç–µ—Ä–Ω–∞ –≥—Ä–∞–º–æ—Ç–Ω—ñ—Å—Ç—å, Scratch, –ì–µ–π–º–¥–∏–∑–∞–π–Ω,  Python , Front-end —Ç–∞ –ì—Ä–∞—Ñ—ñ—á–Ω–∏–π –¥–∏–∑–∞–π–Ω.  –ü–†–û –®–ö–û–õ–£:  –ú–∏ –≤–ø—Ä–æ–≤–∞–¥–∂—É—î–º–æ –Ω–æ–≤—ñ—Ç–Ω—ñ IT —Ç–µ—Ö–Ω–æ–ª–æ–≥—ñ—ó –≤ –Ω–∞–≤—á–∞–Ω–Ω—è —à–∫–æ–ª—è—Ä—ñ–≤. –ù–∞ –Ω–∞—à–∏—Ö —É—Ä–æ–∫–∞—Ö –¥—ñ—Ç–∏ –Ω–µ –ª–∏—à–µ –≤—á–∞—Ç—å—Å—è –æ—Å–Ω–æ–≤–∞–º –ø—Ä–æ–≥—Ä–∞–º—É–≤–∞–Ω–Ω—è, –≤–æ–Ω–∏ —Ä–æ–∑–≤–∏–≤–∞—é—Ç—å —Å–≤–æ—î –ª–æ–≥—ñ—á–Ω–µ —Ç–∞ –∫—Ä–∏—Ç–∏—á–Ω–µ –º–∏—Å–ª–µ–Ω–Ω—è —ñ –≤–º—ñ–Ω–Ω—è –¥—É–º–∞—Ç–∏ —Ç–∞ –∞–Ω–∞–ª—ñ–∑—É–≤–∞—Ç–∏ —ñ–Ω—Ñ–æ—Ä–º–∞—Ü—ñ—é, –≤ –ø—Ä–æ—î–∫—Ç–Ω—ñ–π —Ä–æ–±–æ—Ç—ñ –ø—Ä–æ—è–≤–ª—è—Ç–∏ –∫—Ä–µ–∞—Ç–∏–≤–Ω—ñ—Å—Ç—å —Ç–∞ —Ç–≤–æ—Ä—á—ñ –∑–¥—ñ–±–Ω–æ—Å—Ç—ñ. –ú–∏ –ø—Ä–æ–ø–æ–Ω—É—î–º–æ:  –ó–∞–π–Ω—è—Ç—ñ—Å—Ç—å –≤—ñ–¥ 3‚àí6+ –≥—Ä—É–ø  –≤—ñ–¥ 500 –≥—Ä–Ω. –∑–∞ –æ–¥–Ω–µ –∑–∞–Ω—è—Ç—Ç—è (–≤ –∑–∞–ª–µ–∂–Ω–æ—Å—Ç—ñ –≤—ñ–¥ –∫—ñ–ª—å–∫–æ—Å—Ç—ñ –¥—ñ—Ç–µ–π —É –≥—Ä—É–ø—ñ)   –ì–Ω—É—á–∫–∏–π –≥—Ä–∞—Ñ—ñ–∫, –º–æ–∂–ª–∏–≤—ñ—Å—Ç—å –æ–±—Ä–∞—Ç–∏ –¥–ª—è —Å–µ–±–µ —Ä–æ–±–æ—á—ñ –≥–æ–¥–∏–Ω–∏.  –ì—Ä–∞—Ñ—ñ–∫ –∑–∞–Ω—è—Ç—å —É–∑–≥–æ–¥–∂—É—î—Ç—å—Å—è.  –í—á–∞—Å–Ω–∞ –≤–∏–ø–ª–∞—Ç–∞ –∑–∞—Ä–æ–±—ñ—Ç–Ω–æ—ó –ø–ª–∞—Ç–∏.  –ü–æ—Å—Ç—ñ–π–Ω–µ –Ω–∞–≤—á–∞–Ω–Ω—è –∑–∞ —Ä–∞—Ö—É–Ω–æ–∫ –∫–æ–º–ø–∞–Ω—ñ—ó –≤—ñ–¥ –Ω–∞—à–∏—Ö –ø—Ä–æ—Ñ–µ—Å—ñ–æ–Ω–∞–ª—ñ–≤.  –ö—Ä—É—Ç–µ –∫–æ–º‚Äô—é–Ω—ñ—Ç—ñ –æ–¥–Ω–æ–¥—É–º—Ü—ñ–≤ —Ç–∞ –∫–æ–º–ø–ª–µ–∫—Å–Ω—É –±–∞–∑—É –∑–Ω–∞–Ω—å –¥–ª—è —Å–ø—ñ–≤—Ä–æ–±—ñ—Ç–Ω–∏–∫—ñ–≤!  –ú–æ—Ç–∏–≤–∞—Ü—ñ—é –¥–ª—è –≤–∏–∫–ª–∞–¥–∞—á—ñ–≤!  –û–±–æ–≤`—è–∑–∫–∏:  –ü—Ä–æ–≤–æ–¥–∏—Ç–∏ –æ—Ñ–ª–∞–π–Ω –∑–∞–Ω—è—Ç—Ç—è –Ω–∞ –ª–æ–∫–∞—Ü—ñ—ó –≤ –æ–¥–Ω–æ–º—É —ñ–∑ –º—ñ—Å—Ç, –¥–µ —Ä–æ–∑—Ç–∞—à–æ–≤–∞–Ω–∞ —à–∫–æ–ª–∞ —ñ–∑ –≤–∏–∫–æ—Ä–∏—Å—Ç–∞–Ω–Ω—è–º –≤–∂–µ –≥–æ—Ç–æ–≤–∏—Ö –º–µ—Ç–æ–¥–∏—á–Ω–∏—Ö —Ç–∞ –ø—Ä–∞–∫—Ç–∏—á–Ω–∏—Ö –º–∞—Ç–µ—Ä—ñ–∞–ª—ñ–≤ —à–∫–æ–ª–∏ Logika;  –°—Ç–≤–æ—Ä—é–≤–∞—Ç–∏ —Ç–∞ –ø—ñ–¥—Ç—Ä–∏–º—É–≤–∞—Ç–∏ –¥—Ä—É–∂–Ω—é —Ä–æ–±–æ—á—É –∞—Ç–º–æ—Å—Ñ–µ—Ä—É –Ω–∞ –∑–∞–Ω—è—Ç—Ç—è—Ö;  –°–ª—ñ–¥–∫—É–≤–∞—Ç–∏ –∑–∞ —Ä–µ–∑—É–ª—å—Ç–∞—Ç–∞–º–∏ —É—á–Ω—ñ–≤;  –í—á–∞—Å–Ω–æ –∑–∞–ø–æ–≤–Ω—é–≤–∞—Ç–∏ —Ñ–æ—Ä–º–∏ —Ç–∞ –∞–¥–º—ñ–Ω—ñ—Å—Ç—Ä–∞—Ç–∏–≤–Ω—É –∑–≤—ñ—Ç–Ω—ñ—Å—Ç—å;  –ü—Ä–æ–≤–æ–¥–∏—Ç–∏ –≤—ñ–¥–∫—Ä–∏—Ç—ñ —É—Ä–æ–∫–∏ –¥–ª—è –±–∞—Ç—å–∫—ñ–≤, —Ç–∞ –¥–∞–≤–∞—Ç–∏ –∑–≤–æ—Ä–æ—Ç–Ω—ñ–π –∑–≤‚Äô—è–∑–æ–∫ –ø—Ä–æ –Ω–∞–≤—á–∞–Ω–Ω—è –¥—ñ—Ç–µ–π;  –•—Ç–æ –Ω–∞–º –ø–æ—Ç—Ä—ñ–±–µ–Ω?:  –ü–æ—Ç—Ä—ñ–±–Ω—ñ  –µ–Ω–µ—Ä–≥—ñ–π–Ω—ñ  —Ç–∞  –≤–º–æ—Ç–∏–≤–æ–≤–∞–Ω—ñ  –≤–∏–∫–ª–∞–¥–∞—á—ñ, —è–∫—ñ –ª–∞–¥–Ω–∞—é—Ç—å —ñ–∑ –∫–æ–º–ø‚Äô—é—Ç–µ—Ä–æ–º –Ω–∞ ¬´—Ç–∏¬ª —Ç–∞ –º–∞—é—Ç—å  –∞–∫—Ç–∏–≤–Ω–∏–π –ø—ñ–¥—Ö—ñ–¥  –¥–æ —Å–≤–æ—î—ó —Ä–æ–±–æ—Ç–∏.  –í–∏—Å–æ–∫–æ —Ä–æ–∑–≤–∏–Ω–µ–Ω—ñ  –∫–æ–º—É–Ω—ñ–∫–∞—Ç–∏–≤–Ω—ñ  –Ω–∞–≤–∏—á–∫–∏ , –¥–æ—Å–≤—ñ–¥ –ø—É–±–ª—ñ—á–Ω–∏—Ö –≤–∏—Å—Ç—É–ø—ñ–≤  –õ—é–±–æ–≤ –¥–æ –¥—ñ—Ç–µ–π  —Ç–∞  –±–∞–∂–∞–Ω–Ω—è  –Ω–∞–≤—á–∞—Ç–∏ —Ç–∞ –Ω–∞–≤—á–∞—Ç–∏—Å—å —Ä–∞–∑–æ–º —ñ–∑ –Ω–∏–º–∏!  –ó–Ω–∞–Ω–Ω—è —Ä—ñ–∑–Ω–∏—Ö –º–æ–≤ –ø—Ä–æ–≥—Ä–∞–º—É–≤–∞–Ω–Ω—è  Python ,Scratch, Lua, HTML,CSS, JavaScript  —Ç–∞ –≤–µ–ª–∏—á–µ–∑–Ω–µ  –±–∞–∂–∞–Ω–Ω—è –≤–∏–≤—á–∞—Ç–∏  –Ω–æ–≤–µ).  –í–µ–ª–∏–∫–æ—é –ø–µ—Ä–µ–≤–∞–≥–æ—é –±—É–¥–µ  –≤–∏—â–∞ –æ—Å–≤—ñ—Ç–∞ –≤ –æ–±–ª–∞—Å—Ç—ñ –Ü–¢ ,  –ø–µ–¥–∞–≥–æ–≥—ñ–∫–∏/–ø—Å–∏—Ö–æ–ª–æ–≥—ñ—ó.  –ö–∞–Ω–¥–∏–¥–∞—Ç–∏  –∑ –¥–æ—Å–≤—ñ–¥–æ–º —Ä–æ–±–æ—Ç–∏ –∑ –¥—ñ—Ç—å–º–∏  –≤ –ø—Ä—ñ–æ—Ä–∏—Ç–µ—Ç—ñ.  –Ø–∫—â–æ —É –í–∞—Å —â–µ –Ω–µ–º–∞—î –¥–æ—Å–≤—ñ–¥—É, –∞–ª–µ —î —Ö–∏—Å—Ç —ñ –±–∞–∂–∞–Ω–Ω—è, —à–∫–æ–ª–∞ –ø—Ä–æ–ø–æ–Ω—É—î –Ω–∞–≤—á–∞–Ω–Ω—è —ñ –ø—ñ–¥—Ç—Ä–∏–º–∫—É. –Ø–∫—â–æ —Å–∞–º–µ –í–ò –±–∞–∂–∞—î—Ç–µ –≤–ª–∞—Å–Ω–æ—Ä—É—á –∑–º—ñ–Ω—é–≤–∞—Ç–∏ –æ—Å–≤—ñ—Ç—É –Ω–∞ –∫—Ä–∞—â–µ ‚Äî —á–µ–∫–∞—î–º–æ –Ω–∞ –í–∞—Å –≤ Logika! –ù–µ –≤—Ç—Ä–∞—á–∞–π—Ç–µ –º–æ–∂–ª–∏–≤—ñ—Å—Ç—å ‚Äî —Ö—É—Ç—á—ñ—à –∑–∞–ª–∏—à–∞–π—Ç–µ –≤—ñ–¥–≥—É–∫, –∞–±–æ –∂ —Ç–µ–ª–µ—Ñ–æ–Ω—É—Ç–µ/–ø–∏—à—ñ—Ç—å: –ó–ê–ü–ò–° –ù–ê –°–ü–Ü–í–ë–ï–°–Ü–î–£ : Viber:  +380990314611 Show phone ‚Äî –ê–Ω–¥—Ä—ñ–π Telegram:  https://t.me/DAndy19976 (@DAndy19976)",https://www.work.ua/en/jobs/5466238/
–í–∏–∫–ª–∞–¥–∞—á –ø—Ä–æ–≥—Ä–∞–º—É–≤–∞–Ω–Ω—è —É –¥–∏—Ç—è—á—É IT-—à–∫–æ–ª—É (,"–ö–æ–º—É–Ω—ñ–∫–∞–±–µ–ª—å–Ω—ñ—Å—Ç—å, –ê–∫—Ç–∏–≤–Ω—ñ—Å—Ç—å, –ü—Ä–æ–≥—Ä–∞–º—É–≤–∞–Ω–Ω—è, –ö—Ä–µ–∞—Ç–∏–≤–Ω—ñ—Å—Ç—å, –†–æ–±–æ—Ç–∞ –∑ –¥—ñ—Ç—å–º–∏, –¢–≤–æ—Ä—á–∏–π –ø—ñ–¥—Ö—ñ–¥, Scratch, –í–∏–∫–ª–∞–¥–∞–Ω–Ω—è, –í–∏–∫–ª–∞–¥–∞–Ω–Ω—è –¥–ª—è –¥—ñ—Ç–µ–π —Ç–∞ –ø—ñ–¥–ª—ñ—Ç–∫—ñ–≤, –õ—é–±–æ–≤ –¥–æ –¥—ñ—Ç–µ–π",3000‚Äì7000 UAH,"Logika, –≤—Å–µ—É–∫—Ä–∞—ó–Ω—Å—å–∫–∞ —à–∫–æ–ª–∞ –ø—Ä–æ–≥—Ä–∞–º—É–≤–∞–Ω–Ω—è –¥–ª—è –¥i—Ç–µ–π","–î–ï –ú–ò –®–£–ö–ê–Ñ–ú–û –ö–ê–ù–î–ò–î–ê–¢–Ü–í :  –º. –ü–µ—Ä–µ—è—Å–ª–∞–≤ –® –∫–æ–ª–∞ Logika  –∞–∫—Ç–∏–≤–Ω–æ —Ä–æ–∑–≤–∏–≤–∞—î—Ç—å—Å—è —ñ –≤ –∑–≤‚Äô—è–∑–∫—É —ñ–∑ —Ä–æ–∑—à–∏—Ä–µ–Ω–Ω—è–º —à—Ç–∞—Ç—É —Ñ–∞—Ö—ñ–≤—Ü—ñ–≤, –≤—ñ–¥–±—É–≤–∞—î—Ç—å—Å—è –ø–æ—à—É–∫ –≤–∏–∫–ª–∞–¥–∞—á—ñ–≤ —É –Ω–∞—à—É —à–∫–æ–ª—É! –í –Ω–∞—à—ñ–π —à–∫–æ–ª—ñ –ø—Ä–∏—Å—É—Ç–Ω—ñ –∫—É—Ä—Å–∏:  –ö–æ–º–ø‚Äô—é—Ç–µ—Ä–Ω–∞ –≥—Ä–∞–º–æ—Ç–Ω—ñ—Å—Ç—å, Scratch, –ì–µ–π–º–¥–∏–∑–∞–π–Ω,  Python , Front-end —Ç–∞ –ì—Ä–∞—Ñ—ñ—á–Ω–∏–π –¥–∏–∑–∞–π–Ω. –ü–†–û –®–ö–û–õ–£: –ú–∏ –≤–ø—Ä–æ–≤–∞–¥–∂—É—î–º–æ –Ω–æ–≤—ñ—Ç–Ω—ñ IT —Ç–µ—Ö–Ω–æ–ª–æ–≥—ñ—ó –≤ –Ω–∞–≤—á–∞–Ω–Ω—è —à–∫–æ–ª—è—Ä—ñ–≤. –ù–∞ –Ω–∞—à–∏—Ö —É—Ä–æ–∫–∞—Ö –¥—ñ—Ç–∏ –Ω–µ –ª–∏—à–µ –≤—á–∞—Ç—å—Å—è –æ—Å–Ω–æ–≤–∞–º –ø—Ä–æ–≥—Ä–∞–º—É–≤–∞–Ω–Ω—è, –≤–æ–Ω–∏ —Ä–æ–∑–≤–∏–≤–∞—é—Ç—å —Å–≤–æ—î –ª–æ–≥—ñ—á–Ω–µ —Ç–∞ –∫—Ä–∏—Ç–∏—á–Ω–µ –º–∏—Å–ª–µ–Ω–Ω—è —ñ –≤–º—ñ–Ω–Ω—è –¥—É–º–∞—Ç–∏ —Ç–∞ –∞–Ω–∞–ª—ñ–∑—É–≤–∞—Ç–∏ —ñ–Ω—Ñ–æ—Ä–º–∞—Ü—ñ—é, –≤ –ø—Ä–æ—î–∫—Ç–Ω—ñ–π —Ä–æ–±–æ—Ç—ñ –ø—Ä–æ—è–≤–ª—è—Ç–∏ –∫—Ä–µ–∞—Ç–∏–≤–Ω—ñ—Å—Ç—å —Ç–∞ —Ç–≤–æ—Ä—á—ñ –∑–¥—ñ–±–Ω–æ—Å—Ç—ñ. –ú–∏ –ø—Ä–æ–ø–æ–Ω—É—î–º–æ:  –ì–Ω—É—á–∫–∏–π –≥—Ä–∞—Ñ—ñ–∫, —Ä–æ–±–æ—Ç–∞ –≤ –≤–∏—Ö—ñ–¥–Ω—ñ –¥–Ω—ñ (—Å—É–±–æ—Ç–∞ —Ç–∞ –Ω–µ–¥—ñ–ª—è), –º–æ–∂–ª–∏–≤—ñ—Å—Ç—å –æ–±—Ä–∞—Ç–∏ –¥–ª—è —Å–µ–±–µ —Ä–æ–±–æ—á—ñ –≥–æ–¥–∏–Ω–∏.  –ì—Ä–∞—Ñ—ñ–∫ –∑–∞–Ω—è—Ç—å —É–∑–≥–æ–¥–∂—É—î—Ç—å—Å—è.  –í—á–∞—Å–Ω–∞ –≤–∏–ø–ª–∞—Ç–∞ –∑–∞—Ä–æ–±—ñ—Ç–Ω–æ—ó –ø–ª–∞—Ç–∏.  –≤—ñ–¥ 500 –≥—Ä–Ω. –∑–∞ –æ–¥–Ω–µ –∑–∞–Ω—è—Ç—Ç—è (–≤ –∑–∞–ª–µ–∂–Ω–æ—Å—Ç—ñ –≤—ñ–¥ –∫—ñ–ª—å–∫–æ—Å—Ç—ñ –¥—ñ—Ç–µ–π —É –≥—Ä—É–ø—ñ)  –ü–æ—Å—Ç—ñ–π–Ω–µ –Ω–∞–≤—á–∞–Ω–Ω—è –∑–∞ —Ä–∞—Ö—É–Ω–æ–∫ –∫–æ–º–ø–∞–Ω—ñ—ó –≤—ñ–¥ –Ω–∞—à–∏—Ö –ø—Ä–æ—Ñ–µ—Å—ñ–æ–Ω–∞–ª—ñ–≤.  –ö—Ä—É—Ç–µ –∫–æ–º‚Äô—é–Ω—ñ—Ç—ñ –æ–¥–Ω–æ–¥—É–º—Ü—ñ–≤ —Ç–∞ –∫–æ–º–ø–ª–µ–∫—Å–Ω—É –±–∞–∑—É –∑–Ω–∞–Ω—å –¥–ª—è —Å–ø—ñ–≤—Ä–æ–±—ñ—Ç–Ω–∏–∫—ñ–≤!  –ú–æ—Ç–∏–≤–∞—Ü—ñ—é –¥–ª—è –≤–∏–∫–ª–∞–¥–∞—á—ñ–≤!  –ó–∞–π–Ω—è—Ç—ñ—Å—Ç—å –≤—ñ–¥ 3‚àí6 –≥—Ä—É–ø  –•—Ç–æ –Ω–∞–º –ø–æ—Ç—Ä—ñ–±–µ–Ω?:  –ü–æ—Ç—Ä—ñ–±–Ω—ñ  –µ–Ω–µ—Ä–≥—ñ–π–Ω—ñ  —Ç–∞  –≤–º–æ—Ç–∏–≤–æ–≤–∞–Ω—ñ  –≤–∏–∫–ª–∞–¥–∞—á—ñ, —è–∫—ñ –ª–∞–¥–Ω–∞—é—Ç—å —ñ–∑ –∫–æ–º–ø‚Äô—é—Ç–µ—Ä–æ–º –Ω–∞ ¬´—Ç–∏¬ª —Ç–∞ –º–∞—é—Ç—å  –∞–∫—Ç–∏–≤–Ω–∏–π –ø—ñ–¥—Ö—ñ–¥  –¥–æ —Å–≤–æ—î—ó —Ä–æ–±–æ—Ç–∏.  –í–∏—Å–æ–∫–æ —Ä–æ–∑–≤–∏–Ω–µ–Ω—ñ  –∫–æ–º—É–Ω—ñ–∫–∞—Ç–∏–≤–Ω—ñ  –Ω–∞–≤–∏—á–∫–∏ , –¥–æ—Å–≤—ñ–¥ –ø—É–±–ª—ñ—á–Ω–∏—Ö –≤–∏—Å—Ç—É–ø—ñ–≤  –õ—é–±–æ–≤ –¥–æ –¥—ñ—Ç–µ–π  —Ç–∞  –±–∞–∂–∞–Ω–Ω—è  –Ω–∞–≤—á–∞—Ç–∏ —Ç–∞ –Ω–∞–≤—á–∞—Ç–∏—Å—å —Ä–∞–∑–æ–º —ñ–∑ –Ω–∏–º–∏!  –ó–Ω–∞–Ω–Ω—è Scratch —Ç–∞ —á—É–¥–æ–≤–µ –∑–Ω–∞–Ω–Ω—è –∫–æ–º–ø º—é—Ç–µ—Ä–∞,  –≤–µ–ª–∏—á–µ–∑–Ω–µ  –±–∞–∂–∞–Ω–Ω—è –≤–∏–≤—á–∞—Ç–∏  –Ω–æ–≤–µ.  –í–µ–ª–∏–∫–æ—é –ø–µ—Ä–µ–≤–∞–≥–æ—é –±—É–¥–µ  –≤–∏—â–∞ –æ—Å–≤—ñ—Ç–∞ –≤ –æ–±–ª–∞—Å—Ç—ñ –Ü–¢ ,  –ø–µ–¥–∞–≥–æ–≥—ñ–∫–∏/–ø—Å–∏—Ö–æ–ª–æ–≥—ñ—ó.  –ö–∞–Ω–¥–∏–¥–∞—Ç–∏  –∑ –¥–æ—Å–≤—ñ–¥–æ–º —Ä–æ–±–æ—Ç–∏ –∑ –¥—ñ—Ç—å–º–∏  –≤ –ø—Ä—ñ–æ—Ä–∏—Ç–µ—Ç—ñ.  –û–±–æ–≤`—è–∑–∫–∏:  –ü—Ä–æ–≤–æ–¥–∏—Ç–∏ –æ—Ñ–ª–∞–π–Ω –∑–∞–Ω—è—Ç—Ç—è –Ω–∞ –ª–æ–∫–∞—Ü—ñ—ó –≤ –æ–¥–Ω–æ–º—É —ñ–∑ –º—ñ—Å—Ç, –¥–µ —Ä–æ–∑—Ç–∞—à–æ–≤–∞–Ω–∞ —à–∫–æ–ª–∞ —ñ–∑ –≤–∏–∫–æ—Ä–∏—Å—Ç–∞–Ω–Ω—è–º –≤–∂–µ –≥–æ—Ç–æ–≤–∏—Ö –º–µ—Ç–æ–¥–∏—á–Ω–∏—Ö —Ç–∞ –ø—Ä–∞–∫—Ç–∏—á–Ω–∏—Ö –º–∞—Ç–µ—Ä—ñ–∞–ª—ñ–≤ —à–∫–æ–ª–∏ Logika;  –°—Ç–≤–æ—Ä—é–≤–∞—Ç–∏ —Ç–∞ –ø—ñ–¥—Ç—Ä–∏–º—É–≤–∞—Ç–∏ –¥—Ä—É–∂–Ω—é —Ä–æ–±–æ—á—É –∞—Ç–º–æ—Å—Ñ–µ—Ä—É –Ω–∞ –∑–∞–Ω—è—Ç—Ç—è—Ö;  –°–ª—ñ–¥–∫—É–≤–∞—Ç–∏ –∑–∞ —Ä–µ–∑—É–ª—å—Ç–∞—Ç–∞–º–∏ —É—á–Ω—ñ–≤;  –í—á–∞—Å–Ω–æ –∑–∞–ø–æ–≤–Ω—é–≤–∞—Ç–∏ —Ñ–æ—Ä–º–∏ —Ç–∞ –∞–¥–º—ñ–Ω—ñ—Å—Ç—Ä–∞—Ç–∏–≤–Ω—É –∑–≤—ñ—Ç–Ω—ñ—Å—Ç—å;  –ü—Ä–æ–≤–æ–¥–∏—Ç–∏ –≤—ñ–¥–∫—Ä–∏—Ç—ñ —É—Ä–æ–∫–∏ –¥–ª—è –±–∞—Ç—å–∫—ñ–≤, —Ç–∞ –¥–∞–≤–∞—Ç–∏ –∑–≤–æ—Ä–æ—Ç–Ω—ñ–π –∑–≤‚Äô—è–∑–æ–∫ –ø—Ä–æ –Ω–∞–≤—á–∞–Ω–Ω—è –¥—ñ—Ç–µ–π;  –ì–æ—Ç–æ–≤–Ω—ñ—Å—Ç—å –ø—Ä–∞—Ü—é–≤–∞—Ç–∏ –Ω–∞ –¥–µ–∫—ñ–ª—å–∫–æ—Ö –ª–æ–∫–∞—Ü—ñ—è—Ö —à–∫–æ–ª–∏  –Ø–∫—â–æ —É –í–∞—Å —â–µ –Ω–µ–º–∞—î –¥–æ—Å–≤—ñ–¥—É, –∞–ª–µ —î —Ö–∏—Å—Ç —ñ –±–∞–∂–∞–Ω–Ω—è, —à–∫–æ–ª–∞ –ø—Ä–æ–ø–æ–Ω—É—î –Ω–∞–≤—á–∞–Ω–Ω—è —ñ –ø—ñ–¥—Ç—Ä–∏–º–∫—É. –Ø–∫—â–æ —Å–∞–º–µ –í–ò –±–∞–∂–∞—î—Ç–µ –≤–ª–∞—Å–Ω–æ—Ä—É—á –∑–º—ñ–Ω—é–≤–∞—Ç–∏ –æ—Å–≤—ñ—Ç—É –Ω–∞ –∫—Ä–∞—â–µ ‚Äî —á–µ–∫–∞—î–º–æ –Ω–∞ –í–∞—Å –≤ Logika! –ó–ê–ü–ò–° –ù–ê –°–ü–Ü–í–ë–ï–°–Ü–î–£: +380638745397 Show phone ‚Äî –Ñ–≤–≥–µ–Ω—ñ–π Telegram:  https://t.me/jon1_k",https://www.work.ua/en/jobs/5824770/
Web Developer,"Java, SQL, Git, GitLab, PostgreSQL, –ó–Ω–∞–Ω–Ω—è –ø—Ä–∏–Ω—Ü–∏–ø—ñ–≤ –û–û–ü, MongoDB, Docker, Docker Compose, Django, REST API, REST, Redis, –ü—Ä–æ–≥—Ä–∞–º—É–≤–∞–Ω–Ω—è, –†–æ–±–æ—Ç–∞ –∑ –±–∞–∑–æ—é –¥–∞–Ω–∏—Ö, Flask, FastAPI, Multiprocessing, SOLID Principles",20000 UAH,"–ö–ª–∏–Ω–∏–∫–æ-–¢–µ—Ä–∞–ø–µ–≤—Ç–∏—á–µ—Å–∫–∏–π –∏–Ω—Å—Ç–∏—Ç—É—Ç, –û–û–û","–í–∏–º–æ–≥–∏ :   –ó–Ω–∞–Ω–Ω—è —ñ –¥–æ—Ç—Ä–∏–º–∞–Ω–Ω—è –±–∞–∑–æ–≤–∏—Ö –ø—Ä–∏–Ω—Ü–∏–ø—ñ–≤ –ø—Ä–æ–≥—Ä–∞–º—É–≤–∞–Ω–Ω—è —ñ —á–∏—Å—Ç–æ–≥–æ –∫–æ–¥—É. DRY, YAGNI, SOLID. –ó–Ω–∞–Ω–Ω—è –ø—Ä–∏–Ω—Ü–∏–ø—ñ–≤ –û–û–ü  –î–æ—Å–≤—ñ–¥ —Ä–æ–±–æ—Ç–∏ –∑ Git  –ó–Ω–∞–Ω–Ω—è –º–æ–≤–∏  Python : —Ç–∏–ø–∏ –¥–∞–Ω–∏—Ö, –æ—Å–Ω–æ–≤–Ω—ñ –∫–æ–Ω—Å—Ç—Ä—É–∫—Ü—ñ—ó –º–æ–≤–∏, –±–∞–∂–∞–Ω–æ —Ä–æ–∑—É–º—ñ–Ω–Ω—è –∞—Å–∏–Ω—Ö—Ä–æ–Ω–Ω–æ—Å—Ç—ñ (—Ä—ñ–∑–Ω–∏—Ü—è –º—ñ–∂ multithreading —ñ multiprocessing, —â–æ —Ç–∞–∫–µ GIL —ñ —Ç–¥).  –ó–Ω–∞–Ω–Ω—è —ñ –≤–º—ñ–Ω–Ω—è –¥–æ—Ç—Ä–∏–º—É–≤–∞—Ç–∏—Å—è PEP8 –ø—Ä–∏ –Ω–∞–ø–∏—Å–∞–Ω–Ω—ñ –∫–æ–¥—É —ñ –∑–∞–≥–∞–ª–æ–º –≤–º—ñ–Ω–Ω—è –ø–∏—Å–∞—Ç–∏ —á–∏—Å—Ç–∏–π –∫–æ–¥.  –ó–Ω–∞–Ω–Ω—è –±–∞–∑–∏ –¥–∞–Ω–∏—Ö MongoDB —ñ –±—ñ–±–ª—ñ–æ—Ç–µ–∫–∏ pymongo, –¥–æ—Å–≤—ñ–¥ —Ä–æ–±–æ—Ç–∏ –∑ –Ω–∏–º–∏  –ó–Ω–∞–Ω–Ω—è –±—É–¥—å-—è–∫–æ–≥–æ –≤–µ–±-—Ñ—Ä–µ–π–º–≤–æ—Ä–∫—É –Ω–∞ –±–∞–∑–æ–≤–æ–º—É —Ä—ñ–≤–Ω—ñ (Django, FastAPI, Flask, Ninja).  –ó–Ω–∞–Ω–Ω—è REST —Ç–∞ –¥–æ—Å–≤—ñ–¥ —É –Ω–∞–ø–∏—Å–∞–Ω–Ω—ñ RESTful API  –ë—É–¥–µ –ø–ª—é—Å–æ–º:   –ó–Ω–∞–Ω–Ω—è –∞–Ω–¥—Ä–æ—ñ–¥ —Ä–æ–∑—Ä–æ–±–∫–∏ —ñ –º–æ–≤–∏ Kotlin –∞–±–æ Java –Ω–∞ –±–∞–∑–æ–≤–æ–º—É —Ä—ñ–≤–Ω—ñ, –º—ñ–Ω—ñ–º–∞–ª—å–Ω–∏–π –¥–æ—Å–≤—ñ–¥ —Ä–æ–±–æ—Ç–∏ –≤ Android Studio  –ó–Ω–∞–Ω–Ω—è SQL, –≤ –æ—Å–æ–±–ª–∏–≤–æ—Å—Ç—ñ PostgreSQL  –≤–º—ñ–Ω–Ω—è –Ω–∞–ø–∏—Å–∞—Ç–∏ select –∑–∞–ø–∏—Ç, –±–∞–∑–æ–≤—ñ –∑–Ω–∞–Ω–Ω—è —Ç–µ–æ—Ä—ñ—ó ‚Äî —â–æ —Ç–∞–∫–µ Primary Key, Foreign key, —ñ–Ω–¥–µ–∫—Å–∏, –¥–∂–æ—ñ–Ω–∏ —ñ —Ç–¥)  –ó–Ω–∞–Ω–Ω—è —ñ –¥–æ—Å–≤—ñ–¥ —Ä–æ–±–æ—Ç–∏ –∑ Redis ‚Äî –î–æ—Å–≤—ñ–¥ —Ä–æ–±–æ—Ç–∏ –∑ Docker, –Ω–∞–ø–∏—Å–∞–Ω–Ω—è dockerfile —ñ docker-compose —Ñ–∞–π–ª—ñ–≤  –î–æ—Å–≤—ñ–¥ —Ä–æ–±–æ—Ç–∏ –∑ Unix —Å–∏—Å—Ç–µ–º–∞–º–∏  –û–±–æ–≤‚Äô—è–∑–∫–∏ :   –ü—ñ–¥—Ç—Ä–∏–º–∫–∞, –æ–Ω–æ–≤–ª–µ–Ω–Ω—è —Ç–∞ –¥–æ–ø–æ–≤–Ω–µ–Ω–Ω—è –≤–µ–±-—Å–µ—Ä–≤–µ—Ä—É, –Ω–∞–ø–∏—Å–∞–Ω–æ–≥–æ –º–æ–≤–æ—é  Python  –ù–∞–ª–∞—à—Ç—É–≤–∞–Ω–Ω—è –∑–±–µ—Ä–µ–∂–µ–Ω–Ω—è –¥–∞–Ω–∏—Ö –≤ Redis —Ç–∞ MongoDB  –ü—ñ–¥—Ç—Ä–∏–º–∫–∞ —Ç–∞ –Ω–∞–ª–∞—à—Ç—É–≤–∞–Ω–Ω—è —ñ—Å–Ω—É—é—á–æ–≥–æ –∞–Ω–¥—Ä–æ—ñ–¥-–∑–∞—Å—Ç–æ—Å—É–Ω–∫—É —Ç–∞ –π–æ–≥–æ –ø—ñ–¥–∫–ª—é—á–µ–Ω–Ω—è –¥–æ —Å–µ—Ä–≤–µ—Ä—É –Ω–∞ Raspberry Pi –∑–∞ –¥–æ–ø–æ–º–æ–≥–æ—é bluetooth  –ù–∞–ø–∏—Å–∞–Ω–Ω—è —á–∏—Å—Ç–æ–≥–æ –∫–æ–¥—É, —è–∫–∏–π —î –∑—Ä–æ–∑—É–º—ñ–ª–∏–º –¥–ª—è —ñ–Ω—à–∏—Ö —Ä–æ–∑—Ä–æ–±–Ω–∏–∫—ñ–≤ —ñ –ª–µ–≥–∫–æ –ø—ñ–¥—Ç—Ä–∏–º—É—î—Ç—å—Å—è  –†–æ–±–æ—Ç–∞ –Ω–∞ —Å–µ—Ä–≤–µ—Ä—ñ Gitlab, –∫–æ–º—É–Ω—ñ–∫–∞—Ü—ñ—è –∑ –∫–æ–º–∞–Ω–¥–æ—é",https://www.work.ua/en/jobs/5805026/
Middle,"Docker, REST API, Redis, Machine learning, Deep Learning",,"Comparus UA (–ö–æ–º–ø–∞—Ä—É—Å.–Æ–ê, –¢–û–í)","–í–∏–º–æ–≥–∏ :   Strong knowledge of  Python  3.9  Experience with creation RESTful Web Services  Experience with design service API (OpenAPI Swagger contracts)  Deep understanding of Docker  Experience with OpenShift  Experience with Teceract OCR  Level of spoken/writing English Intermediate/B1+  These skills will also come in handy:  Hands-on experience and understanding of application architecture  Understand what is Artificial Intelligence  Know what are neural networks, machine learning, data mining  Have experience in any open-source tools and frameworks for deep learning  Can setup MinIO  Experience with OracleDB  Can setup and use Redis  Experience with Kafka  PDF processing experience  Good organizational skills  –£–º–æ–≤–∏ —Ä–æ–±–æ—Ç–∏ :   All of us working on MackBook Pro  You will work with latest versions of libraries and frameworks  Cutting-edge technologies are welcome in our team  Friendly-professional atmosphere in a team, we like to work together üôÇ  when you are sick, we are sad with that and of course compensate it as working time  –û–±–æ–≤‚Äô—è–∑–∫–∏ :  What you‚Äôll help us with:  Implementation Microservices from scratch  Implementation of processing documents algorithms  Configuration of Microservices interac",https://www.work.ua/en/jobs/4821099/
"–í–∏–∫–ª–∞–¥–∞—á —É –¥–∏—Ç—è—á—É –Ü–¢-—à–∫–æ–ª—É –ø—Ä–æ–≥—Ä–∞–º—É–≤–∞–Ω–Ω—è (Scratch,","–ü—Ä–æ–≥—Ä–∞–º—É–≤–∞–Ω–Ω—è, Scratch",4000‚Äì9000 UAH,"Logika, –≤—Å–µ—É–∫—Ä–∞—ó–Ω—Å—å–∫–∞ —à–∫–æ–ª–∞ –ø—Ä–æ–≥—Ä–∞–º—É–≤–∞–Ω–Ω—è –¥–ª—è –¥i—Ç–µ–π","–ö–æ–Ω—Ç–∞–∫—Ç–∏: –¢–µ–ª.  +380937124239 Show phone   (–°–≤—è—Ç–æ—Å–ª–∞–≤–∞) –©–æ —Ç–∞–∫–µ Logika: –ú–∏ –≤–ø—Ä–æ–≤–∞–¥–∂—É—î–º–æ –Ω–æ–≤—ñ—Ç–Ω—ñ IT —Ç–µ—Ö–Ω–æ–ª–æ–≥—ñ—ó –≤ –Ω–∞–≤—á–∞–Ω–Ω—è —à–∫–æ–ª—è—Ä—ñ–≤. –ù–∞ –Ω–∞—à–∏—Ö —É—Ä–æ–∫–∞—Ö –¥—ñ—Ç–∏ –Ω–µ –ª–∏—à–µ –≤—á–∞—Ç—å—Å—è –æ—Å–Ω–æ–≤–∞–º –ø—Ä–æ–≥—Ä–∞–º—É–≤–∞–Ω–Ω—è, –≤–æ–Ω–∏ —Ä–æ–∑–≤–∏–≤–∞—é—Ç—å –ª–æ–≥—ñ–∫—É —ñ –≤–º—ñ–Ω–Ω—è –¥—É–º–∞—Ç–∏, –∞ –≤ –ø—Ä–æ–µ–∫—Ç–Ω—ñ–π —Ä–æ–±–æ—Ç—ñ –ø—Ä–æ—è–≤–ª—è—é—Ç—å –∫—Ä–µ–∞—Ç–∏–≤–Ω—ñ—Å—Ç—å —Ç–∞ —Ç–≤–æ—Ä—á—ñ –∑–¥—ñ–±–Ω–æ—Å—Ç—ñ. –£ –ø—Ä–æ–≥—Ä–∞–º—É –∫—É—Ä—Å—É Logika –≤–∫–ª—é—á–µ–Ω—ñ —á–∞—Å—Ç–∏–Ω–∏ –∫—É—Ä—Å—ñ–≤ –∑ —Ñ—ñ–∑–∏–∫–∏, –º–∞—Ç–µ–º–∞—Ç–∏–∫–∏, —Ö—ñ–º—ñ—ó, –∞—Å—Ç—Ä–æ–Ω–æ–º—ñ—ó, —â–æ –¥–æ–ø–æ–º–∞–≥–∞—î –¥—ñ—Ç—è–º –∑—Ä–æ–∑—É–º—ñ—Ç–∏, –Ω–∞–≤—ñ—â–æ —à–∫—ñ–ª—å–Ω—ñ –ø—Ä–µ–¥–º–µ—Ç–∏ –ø–æ—Ç—Ä—ñ–±–Ω—ñ –≤ —Ä–µ–∞–ª—å–Ω–æ–º—É –∂–∏—Ç—Ç—ñ. Logika –∞–∫—Ç–∏–≤–Ω–æ —Ä–æ–∑–≤–∏–≤–∞—î—Ç—å—Å—è —ñ –≤ –∑–≤‚Äô—è–∑–∫—É —ñ–∑ —Ä–æ–∑—à–∏—Ä–µ–Ω–Ω—è–º–∏ –≤—ñ–¥–±—É–≤–∞—î—Ç—å—Å—è –ø–æ—à—É–∫ –≤–∏–∫–ª–∞–¥–∞—á—ñ–≤! –ú–∏ –ø—Ä–æ–ø–æ–Ω—É—î–º–æ:  –†–æ–±–æ—Ç–∞ —É –≤–∏—Ö—ñ–¥–Ω—ñ.  –ó–∞—Ä–æ–±—ñ—Ç–Ω–∞ –ø–ª–∞—Ç–∞: 300 –≥—Ä–Ω / 1.5 –≥–æ–¥–∏–Ω–∏ –≤–∏–∫–ª–∞–¥–∞–Ω–Ω—è.  –ü–æ—Å—Ç—ñ–π–Ω–µ –Ω–∞–≤—á–∞–Ω–Ω—è –∑–∞ —Ä–∞—Ö—É–Ω–æ–∫ –∫–æ–º–ø–∞–Ω—ñ—ó –≤—ñ–¥ –Ω–∞—à–∏—Ö –ø—Ä–æ—Ñ–µ—Å—ñ–æ–Ω–∞–ª—ñ–≤.  –ó—Ä—É—á–Ω—ñ –ª–æ–∫–∞—Ü—ñ—ó.  –ö—Ä—É—Ç–µ –∫–æ–º‚Äô—é–Ω—ñ—Ç—ñ –æ–¥–Ω–æ–¥—É–º—Ü—ñ–≤!  –•—Ç–æ –Ω–∞–º –ø–æ—Ç—Ä—ñ–±–µ–Ω?:  –ü–æ—Ç—Ä—ñ–±–Ω—ñ –∫—Ä—É—Ç—ñ –≤–∏–∫–ª–∞–¥–∞—á—ñ, —è–∫—ñ –ª–∞–¥–Ω–∞—é—Ç—å —ñ–∑ –∫–æ–º–ø‚Äô—é—Ç–µ—Ä–æ–º –Ω–∞ ¬´—Ç–∏¬ª —Ç–∞ –º–∞—é—Ç—å –∞–∫—Ç–∏–≤–Ω–∏–π –ø—ñ–¥—Ö—ñ–¥ –¥–æ —Å–≤–æ—î—ó —Ä–æ–±–æ—Ç–∏.  –ù–µ–æ–±—Ö—ñ–¥–Ω—ñ –∑–Ω–∞–Ω–Ω—è —É  Python  —Ç–∞ Scratch. (–ê–±–æ –∂ –¥–æ—Å–≤—ñ–¥ —ñ–∑ —ñ–Ω—à–∏–º–∏ –º–æ–≤–∞–º–∏ –ø—Ä–æ–≥—Ä–∞–º—É–≤–∞–Ω–Ω—è —Ç–∞ –±–∞–∂–∞–Ω–Ω—è –≤–∏–≤—á–∞—Ç–∏ –Ω–æ–≤–µ)  –í–µ–ª–∏–∫–æ—é –ø–µ—Ä–µ–≤–∞–≥–æ—é –±—É–¥–µ –≤–∏—â–∞ –æ—Å–≤—ñ—Ç–∞ –≤ –æ–±–ª–∞—Å—Ç—ñ –Ü–¢, –∞–±–æ –∂ –ø–µ–¥–∞–≥–æ–≥—ñ–∫–∏/–ø—Å–∏—Ö–æ–ª–æ–≥—ñ—ó.  –Ø–∫—â–æ –í–∏ –º–∞—î—Ç–µ –¥–æ—Å–≤—ñ–¥ —É —Ä–æ–±–æ—Ç—ñ –∑ –¥—ñ—Ç–∫–∞–º–∏ ‚Äî —Ü–µ –∫–ª—å–æ–≤–æ, –∞ —è–∫—â–æ –Ω–µ–º–∞—î, —Ç–æ –Ω–∞–≤—á–∏–º–æ!  –©–æ –ø–æ—Ç—Ä—ñ–±–Ω–æ –±—É–¥–µ —Ä–æ–±–∏—Ç–∏:  –ø—Ä–æ–≤–æ–¥–∏—Ç–∏ –∑–∞–Ω—è—Ç—Ç—è —ñ–∑ –≤–∏–∫–æ—Ä–∏—Å—Ç–∞–Ω–Ω—è–º —É–∂–µ –≥–æ—Ç–æ–≤–∏—Ö –º–µ—Ç–æ–¥–∏—á–Ω–∏—Ö –º–∞—Ç–µ—Ä—ñ–∞–ª—ñ–≤ —à–∫–æ–ª–∏ Logika;  —Å—Ç–≤–æ—Ä—é–≤–∞—Ç–∏ —Ç–∞ –ø—ñ–¥—Ç—Ä–∏–º—É–≤–∞—Ç–∏ –¥—Ä—É–∂–Ω—é —Ä–æ–±–æ—á—É –∞—Ç–º–æ—Å—Ñ–µ—Ä—É;  –æ—Ç—Ä–∏–º—É–≤–∞—Ç–∏ –∫–∞–π—Ñ –≤—ñ–¥ —Ä–æ–±–æ—Ç–∏ —ñ–∑ –º–∞–π–±—É—Ç–Ω—ñ–º –Ω–∞—à–æ—ó –∫—Ä–∞—ó–Ω–∏;  –Ü–Ω–æ–¥—ñ —Ç–∞–∫–∏ –¥–æ–≤–µ–¥–µ—Ç—å—Å—è –ø–æ–¥–∞–≤–∞—Ç–∏ –Ω–µ–≤–µ–ª–∏—á–∫—ñ –∑–≤—ñ—Ç–∏.  –Ø–∫—â–æ —Å–∞–º–µ –í–ò –±–∞–∂–∞—î—Ç–µ –≤–ª–∞—Å–Ω–æ—Ä—É—á –∑–º—ñ–Ω—é–≤–∞—Ç–∏ –æ—Å–≤—ñ—Ç—É –Ω–∞ –∫—Ä–∞—â–µ ‚Äî —Ö–æ–¥—ñ–º –¥–æ –õ–æ–≥—ñ–∫–∏!  –ù–µ –≤—Ç—Ä–∞—á–∞–π –º–æ–∂–ª–∏–≤—ñ—Å—Ç—å ‚Äî —Ö—É—Ç—á—ñ—à –∑–∞–ª–∏—à–∞–π –≤—ñ–¥–≥—É–∫, –∞–±–æ –∂ —Ç–µ–ª–µ—Ñ–æ–Ω—É–π!",https://www.work.ua/en/jobs/4455132/
Senior,"PostgreSQL, React, Docker, Vue.js, REST API, Flask, Blockchain, Kubernetes, Ether, Ethereum",6500‚Äì15000 UAH,BondexREF,"–í–∏–º–æ–≥–∏ :   5+ years of professional  Python  development experience.  Proven experience with Web2 technologies and frameworks (e.g., Flask. GUnicorn)  Strong understanding of Web3 concepts and blockchain technologies  Hands-on experience with blockchain integration and some smart contract development  Proficiency in  Python  and related libraries and frameworks  Deep understanding of microservice architecture and related technologies  Understanding of event-based programming using Redis  Experience with RESTful API design and development  Familiarity with containerization (Docker) and orchestration (Kubernetes)  Solid understanding of database technologies (Postgres and SQLAlchemy)  Excellent problem-solving skills and a proactive attitude  Strong communication skills, both written and verbal  Ability to mentor and guide junior developers effectively  Team player with the ability to work in a fast-paced, dynamic environment  Desirable  Experience with blockchain EVM platforms like Ethereum  Familiarity with supporting front-end technologies (React, Vue.js) is a plus  Understanding of DevOps practices and tools (CI/CD pipelines, Jenkins, GitLab CI)  –£–º–æ–≤–∏ —Ä–æ–±–æ—Ç–∏ :   1 interview  Tech assessment  CTO interview  Offer  –û–±–æ–≤‚Äô—è–∑–∫–∏ :   Design, develop, and maintain robust  Python  applications integrating Web2 and Web3 technologies  Implement and maintain blockchain integrations and smart contracts  Develop RESTful APIs and microservices architecture for scalable applications  Ensure the seamless integration of various EVM blockchain platforms (e.g., Ethereum, and Avalanche) with our applications  Architect and implement microservice-based solutions ensuring scalability, reliability, and performance  Work with containerization technologies such as Docker and be familiar with orchestration tools like Kubernetes  Implement best practices for microservices including logging, monitoring, and tracing  Support rich client user interfaces using RESTful APIs and HTTP Event Sourcing  Mentor junior developers, providing guidance and support to enhance their skills and career growth  Conduct code reviews and provide constructive feedback to maintain high code quality  Lead by example, fostering a culture of continuous learning and improvement within the team  Work closely with cross-functional teams including front-end developers, product managers, and DevOps to deliver high-quality products  Participate in architectural discussions and contribute to technical decision-making processes  Collaborate with blockchain developers to ensure the integrity and security of blockchain integrations  Registration  https://bondex.app/job/2915298?referral=iste195",https://www.work.ua/en/jobs/5827859/
Middle,"SQL, Google Docs, PostgreSQL, Backend-—Ä–æ–∑—Ä–æ–±–∫–∞, aiogram, FastAPI, –ê–¥–º—ñ–Ω—ñ—Å—Ç—Ä—É–≤–∞–Ω–Ω—è Linux Server, GitHub",50000‚Äì80000 UAH,EasyLife,"–ù–∞—à–∞ –∫–æ–º–ø–∞–Ω—ñ—è –∞–∫—Ç–∏–≤–Ω–æ —Ä–æ–∑–≤–∏–≤–∞—î—Ç—å—Å—è —Ç–∞ –ø—Ä–æ–¥–æ–≤–∂—É—î –∑–∞–≤–æ–π–æ–≤—É–≤–∞—Ç–∏ –Ω–æ–≤—ñ –≤–∏—Å–æ—Ç–∏. –£ –∑–≤‚Äô—è–∑–∫—É –∑ —Ä–æ–∑—à–∏—Ä–µ–Ω–Ω—è–º —Ç–∞ —Å—Ç–≤–æ—Ä–µ–Ω–Ω—è–º –Ω–æ–≤–æ—ó –∫–æ–º–∞–Ω–¥–∏ —Ä–æ–∑—Ä–æ–±–Ω–∏–∫—ñ–≤, –º–∏ —à—É–∫–∞—î–º–æ  Python  —Ä–æ–∑—Ä–æ–±–Ω–∏–∫–∞, —è–∫–∏–π –≥–æ—Ç–æ–≤–∏–π –ø—Ä–∏—î–¥–Ω–∞—Ç–∏—Å—è –¥–æ –Ω–∞—Å –¥–ª—è —Ä–æ–±–æ—Ç–∏ –Ω–∞–¥ —Ü—ñ–∫–∞–≤–∏–º–∏ —Ç–∞ –º–∞—Å—à—Ç–∞–±–Ω–∏–º–∏ –ø—Ä–æ—î–∫—Ç–∞–º–∏. –Ø–∫—â–æ –≤–∏ –ø—Ä–∞–≥–Ω–µ—Ç–µ —Ä–æ–∑–≤–∏–≤–∞—Ç–∏—Å—è, –ø—Ä–∞—Ü—é–≤–∞—Ç–∏ –∑ –Ω–æ–≤—ñ—Ç–Ω—ñ–º–∏ —Ç–µ—Ö–Ω–æ–ª–æ–≥—ñ—è–º–∏ —Ç–∞ —Å—Ç–≤–æ—Ä—é–≤–∞—Ç–∏ —Ä—ñ—à–µ–Ω–Ω—è, —è–∫—ñ –∑–º—ñ–Ω—é—é—Ç—å —Å–≤—ñ—Ç ‚Äî –º–∏ –±—É–¥–µ–º–æ —Ä–∞–¥—ñ –±–∞—á–∏—Ç–∏ –≤–∞—Å —É –Ω–∞—à—ñ–π –∫–æ–º–∞–Ω–¥—ñ! –û—Å–Ω–æ–≤–Ω—ñ –æ–±–æ–≤‚Äô—è–∑–∫–∏:  –†–æ–∑—Ä–æ–±–∫–∞ —Ç–∞ –ø—ñ–¥—Ç—Ä–∏–º–∫–∞ –±–µ–∫-–µ–Ω–¥ —á–∞—Å—Ç–∏–Ω–∏ –≤–µ–±-–¥–æ–¥–∞—Ç–∫—ñ–≤ –∑ –≤–∏–∫–æ—Ä–∏—Å—Ç–∞–Ω–Ω—è–º  Python  —Ç–∞ FastAPI.  –°—Ç–≤–æ—Ä–µ–Ω–Ω—è –µ—Ñ–µ–∫—Ç–∏–≤–Ω–∏—Ö —Ç–∞ –º–∞—Å—à—Ç–∞–±–æ–≤–∞–Ω–∏—Ö –∞–ª–≥–æ—Ä–∏—Ç–º—ñ–≤ —Ç–∞ –∞—Ä—Ö—ñ—Ç–µ–∫—Ç—É—Ä–Ω–∏—Ö —Ä—ñ—à–µ–Ω—å –¥–ª—è –∑–∞–±–µ–∑–ø–µ—á–µ–Ω–Ω—è –≤–∏—Å–æ–∫–æ—ó –ø—Ä–æ–¥—É–∫—Ç–∏–≤–Ω–æ—Å—Ç—ñ —Ç–∞ –Ω–∞–¥—ñ–π–Ω–æ—Å—Ç—ñ –≤–µ–±-–¥–æ–¥–∞—Ç–∫—ñ–≤.  –¢–µ—Å—Ç—É–≤–∞–Ω–Ω—è —Ç–∞ –Ω–∞–ª–∞–≥–æ–¥–∂–µ–Ω–Ω—è –∫–æ–¥—É.  –û–ø—Ç–∏–º—ñ–∑–∞—Ü—ñ—è —Ç–∞ –ø–æ–∫—Ä–∞—â–µ–Ω–Ω—è —ñ—Å–Ω—É—é—á–æ–≥–æ –∫–æ–¥—É —Ç–∞ –∞—Ä—Ö—ñ—Ç–µ–∫—Ç—É—Ä–∏.  –í–∏–º–æ–≥–∏:  –î–æ—Å–≤—ñ–¥ —Ä–æ–±–æ—Ç–∏ –∑  Python , –≤–∫–ª—é—á–∞—é—á–∏ –≤–∏–∫–æ—Ä–∏—Å—Ç–∞–Ω–Ω—è —Ñ—Ä–µ–π–º–≤–æ—Ä–∫—É FastAPI –≤—ñ–¥ 2-—Ö —Ä–æ–∫—ñ–≤   –î–æ—Å–≤—ñ–¥ —Ä–æ–±–æ—Ç–∏ –∑ –±—ñ–±–ª—ñ–æ—Ç–µ–∫–æ—é aiogram 3+  –†–æ–∑—É–º—ñ–Ω–Ω—è –ø—Ä–∏–Ω—Ü–∏–ø—ñ–≤ —Ä–æ–∑—Ä–æ–±–∫–∏ –≤–µ–±-–¥–æ–¥–∞—Ç–∫—ñ–≤ —Ç–∞ RESTful API.  –ó–Ω–∞–Ω–Ω—è SQL —Ç–∞ –¥–æ—Å–≤—ñ–¥ —Ä–æ–±–æ—Ç–∏ –∑ —Ä–µ–ª—è—Ü—ñ–π–Ω–∏–º–∏ –±–∞–∑–∞–º–∏ –¥–∞–Ω–∏—Ö (PostgreSQL).  –í–º—ñ–Ω–Ω—è –µ—Ñ–µ–∫—Ç–∏–≤–Ω–æ –ø—Ä–∞—Ü—é–≤–∞—Ç–∏ –≤ –∫–æ–º–∞–Ω–¥—ñ —Ç–∞ —Å–ø—ñ–ª–∫—É–≤–∞—Ç–∏—Å—è –∑ —ñ–Ω—à–∏–º–∏ —É—á–∞—Å–Ω–∏–∫–∞–º–∏ –ø—Ä–æ–µ–∫—Ç—É.  –ë–∞–∂–∞–Ω–Ω—è –Ω–∞–≤—á–∞—Ç–∏—Å—è —Ç–∞ —Ä–æ–∑–≤–∏–≤–∞—Ç–∏—Å—è —É —Å—Ñ–µ—Ä—ñ –≤–µ–±-—Ä–æ–∑—Ä–æ–±–∫–∏.  –ë—É–¥–µ –ø–µ—Ä–µ–≤–∞–≥–æ—é:  –î–æ—Å–≤—ñ–¥ —Ä–æ–∑—Ä–æ–±–∫–∏ –≤–∏—Å–æ–∫–æ–Ω–∞–≤–∞–Ω—Ç–∞–∂–µ–Ω–∏—Ö –≤–µ–±-–¥–æ–¥–∞—Ç–∫—ñ–≤.  –î–æ—Å–≤—ñ–¥ —Ä–æ–∑—Ä–æ–±–∫–∏ –º—É–ª—å—Ç–∏–ø–ª–µ—î—Ä–Ω–∏—Ö –¥–æ–¥–∞—Ç–∫—ñ–≤   –ú–∏ –ø—Ä–æ–ø–æ–Ω—É—î–º–æ:  –¶—ñ–∫–∞–≤—ñ –ø—Ä–æ–µ–∫—Ç–∏ —Ç–∞ –º–æ–∂–ª–∏–≤—ñ—Å—Ç—å —Ä–æ–∑–≤–∏–≤–∞—Ç–∏—Å—è –ø—Ä–æ—Ñ–µ—Å—ñ–π–Ω–æ.  –ì–Ω—É—á–∫–∏–π –≥—Ä–∞—Ñ—ñ–∫ —Ä–æ–±–æ—Ç–∏ —Ç–∞ –º–æ–∂–ª–∏–≤—ñ—Å—Ç—å –≤—ñ–¥–¥–∞–ª–µ–Ω–æ—ó —Ä–æ–±–æ—Ç–∏.  –î—Ä—É–∂–Ω—ñ–π –∫–æ–ª–µ–∫—Ç–∏–≤ —Ç–∞ –∫–æ–º–∞–Ω–¥—É –ø—Ä–æ—Ñ–µ—Å—ñ–æ–Ω–∞–ª—ñ–≤.  –ö–æ–Ω–∫—É—Ä–µ–Ω—Ç–Ω—É –∑–∞—Ä–æ–±—ñ—Ç–Ω—É –ø–ª–∞—Ç—É —Ç–∞ –±–æ–Ω—É—Å–∏.   –û–±–æ–≤‚Äô—è–∑–∫–æ–≤–æ—é —É–º–æ–≤–æ—é –±—É–¥–µ –≤–∏–∫–æ–Ω–∞–Ω–Ω—è —Ç–µ—Å—Ç–æ–≤–æ–≥–æ –∑–∞–≤–¥–∞–Ω–Ω—è:  –¢–ó BackEnd 2 ‚Äî Google –î–æ–∫—É–º–µ–Ω—Ç—ã –Ø–∫—â–æ –≤–∏ –∑–∞—Ü—ñ–∫–∞–≤–ª–µ–Ω—ñ –≤ —Ü—ñ–π –≤–∞–∫–∞–Ω—Å—ñ—ó, –±—É–¥—å –ª–∞—Å–∫–∞, –Ω–∞–¥—ñ—à–ª—ñ—Ç—å —Å–≤–æ—î —Ä–µ–∑—é–º–µ, —Å—É–ø—Ä–æ–≤—ñ–¥–Ω–∏–π –ª–∏—Å—Ç —Ç–∞ –ø–æ—Ä—Ç—Ñ–æ–ª—ñ–æ –∑ –ø—Ä–∏–∫–ª–∞–¥–∞–º–∏ –≤–∞—à–∏—Ö —Ä–æ–±—ñ—Ç —É –≤—ñ–¥–≥—É–∫ –∞–±–æ –Ω–∞ —Ç–µ–ª–µ–≥—Ä–∞–º @EasyLife_Manager. –û–±–æ–≤‚Äô—è–∑–∫–æ–≤–æ –≤–∫–∞–∑—É–π—Ç–µ ¬´–ó–∞—è–≤–∫–∞ –Ω–∞ –ø–æ—Å–∞–¥—É  Python  –†–æ–∑—Ä–æ–±–Ω–∏–∫–∞¬ª.",https://www.work.ua/en/jobs/5696095/
developer (IRC224147),"SQL, Agile, –ö–æ–º—É–Ω—ñ–∫–∞–±–µ–ª—å–Ω—ñ—Å—Ç—å, –í—ñ–¥–ø–æ–≤—ñ–¥–∞–ª—å–Ω—ñ—Å—Ç—å, –£–≤–∞–∂–Ω—ñ—Å—Ç—å, Jupyter Notebook",,GlobalLogic Ukraine,"Take advantage of a rare opportunity to start from scratch and build something great. Join GlobalLogic as a Senior Data Science Engineer! The only software development company where opportunities grow in direct proportion to your ambitions. We value progress and it defines us. That‚Äôs why we are looking for passionate people who want to shape the future by creating cutting-edge solutions. Next-generation vehicle controllers, autonomous driving, bodywork, powertrains, and infotainment are just some of the areas for which we develop solutions. Technology will significantly transform the automotive industry over the next decade, and our organization is looking for high-potential candidates ‚Äî maybe you ‚Äî who will digitally transform the company by focusing on the customer experience. Check out the requirements of the position and lead down the path of digital change in the automotive industry. Don‚Äôt hesitate and apply! Requirements: Basic Qualifications:  Bachelor‚Äôs or Master‚Äôs degree in Computer Science, Mathematics, or related fields  Proficiency in  Python  for algorithm development and analysis, with experience using Jupyter notebooks  Proven experience in algorithm development, scientific research, and mathematical analysis  Strong understanding of algorithmic principles and SQL  Excellent problem-solving skills and attention to detail  Ability to collaborate in a cross-functional team  Effective communication and presentation skills  Research experience and ability to read scientific articles and implement algorithms described within them  Technical proficiency to work closely with developers, write prototypes, and analyze results for implementation decisions  Nice to have:  Experience in the electric vehicle or transportation industry  Knowledge of software development principles and Agile environments  Previous experience with geospatial data analysis and visualization  Job Responsibilities:  Data Analysis and Visualization  Work with large datasets that need to be analyzed and visualized, as the decision-making processes are being performed by the results of  analysis of this datasets.  Algorithm Development and Optimization  Analyze tours for quality metrics and prototype various algorithms based on scientific publications to find optimal solutions.  Evaluate and validate the performance of current algorithms.  Develop new algorithms to automate and optimize existing processes based on data.  Ensure the correctness and efficiency of algorithms and solutions through quick execution of tasks.  Algorithmic Research and Implementation  Read, understand, and implement functions described in scientific papers to verify if the outcomes meet expectations.  Prepare algorithms based on scientific research and validate their performance and to optimize EV fleet charging infrastructure  Collaborate with developers to test and refine algorithms before features are implemented  Insight Extraction and Communication  Extract and visualize insights from different datasets to drive decision-making.  Communicate findings clearly to stakeholders.  Collaboration  Work closely with product managers and developers to identify and implement the most optimal solutions based on prepared results.  Collaborate with the development team to test solutions and ensure they meet project requirements before full implementation.  Quality Assurance and Testing  Function as a Software Development Engineer in Test (SDET) by working on internal solutions aimed at optimization rather than on the product itself.  Perform testing of his/hers own code, ensuring that algorithms and solutions are tested and meet the required standards before deployment (as the Quality Assurance process per se comes later.)  What We Offer  Empowering Projects:  With 500+ clients spanning diverse industries and domains, we provide an exciting opportunity to contribute to groundbreaking projects that leverage cutting-edge technologies. As a team, we engineer digital products that positively impact people‚Äôs lives. Empowering Growth:  We foster a culture of continuous learning and professional development. Our dedication is to provide timely and comprehensive assistance for every consultant through our dedicated Learning & Development team, ensuring their continuous growth and success. DE&I Matters:  At GlobalLogic, we deeply value and embrace  diversity . We are dedicated to providing  equal  opportunities for all individuals, fostering an  inclusive  and empowering work environment. Career Development:  Our corporate culture places a strong emphasis on career development, offering abundant opportunities for growth. Regular interactions with our teams ensure their engagement, motivation, and recognition. We empower our team members to pursue their career goals with confidence and enthusiasm. Comprehensive Benefits:  In addition to equitable compensation, we provide a comprehensive benefits package that prioritizes the overall well-being of our consultants. We genuinely care about their health and strive to create a positive work environment. Flexible Opportunities:  At GlobalLogic, we prioritize work-life balance by offering flexible opportunities tailored to your lifestyle. Explore relocation and rotation options for diverse cultural and professional experiences in different countries with our company.",https://www.work.ua/en/jobs/5797303/
–í–∏–∫–ª–∞–¥–∞—á,"–ü—Ä–æ–≥—Ä–∞–º—É–≤–∞–Ω–Ω—è, –ö—Ä–µ–∞—Ç–∏–≤–Ω—ñ—Å—Ç—å, Scratch",5000‚Äì12000 UAH,"Logika, –≤—Å–µ—É–∫—Ä–∞—ó–Ω—Å—å–∫–∞ —à–∫–æ–ª–∞ –ø—Ä–æ–≥—Ä–∞–º—É–≤–∞–Ω–Ω—è –¥–ª—è –¥i—Ç–µ–π","Logika  ‚Äî —Ü–µ –º—ñ–∂–Ω–∞—Ä–æ–¥–Ω–∞ —à–∫–æ–ª–∞ –ø—Ä–æ–≥—Ä–∞–º—É–≤–∞–Ω–Ω—è –¥–ª—è –¥—ñ—Ç–µ–π  logikaschool.com –ú–∏ –≤–ø—Ä–æ–≤–∞–¥–∂—É—î–º–æ –Ω–æ–≤—ñ—Ç–Ω—ñ IT —Ç–µ—Ö–Ω–æ–ª–æ–≥—ñ—ó –≤ –Ω–∞–≤—á–∞–Ω–Ω—è —à–∫–æ–ª—è—Ä—ñ–≤. –ù–∞ –Ω–∞—à–∏—Ö —É—Ä–æ–∫–∞—Ö –¥—ñ—Ç–∏ –Ω–µ –ª–∏—à–µ –≤—á–∞—Ç—å—Å—è –æ—Å–Ω–æ–≤–∞–º –ø—Ä–æ–≥—Ä–∞–º—É–≤–∞–Ω–Ω—è, –≤–æ–Ω–∏ —Ä–æ–∑–≤–∏–≤–∞—é—Ç—å –ª–æ–≥—ñ–∫—É —ñ –≤–º—ñ–Ω–Ω—è –¥—É–º–∞—Ç–∏, –∞ –≤ –ø—Ä–æ–µ–∫—Ç–Ω—ñ–π —Ä–æ–±–æ—Ç—ñ –ø—Ä–æ—è–≤–ª—è—é—Ç—å –∫—Ä–µ–∞—Ç–∏–≤–Ω—ñ—Å—Ç—å —Ç–∞ —Ç–≤–æ—Ä—á—ñ –∑–¥—ñ–±–Ω–æ—Å—Ç—ñ. –£ –ø—Ä–æ–≥—Ä–∞–º—É –∫—É—Ä—Å—É Logika –≤–∫–ª—é—á–µ–Ω—ñ —á–∞—Å—Ç–∏–Ω–∏ –∫—É—Ä—Å—ñ–≤ –∑ —Ñ—ñ–∑–∏–∫–∏, –º–∞—Ç–µ–º–∞—Ç–∏–∫–∏, —Ö—ñ–º—ñ—ó, –∞—Å—Ç—Ä–æ–Ω–æ–º—ñ—ó, —â–æ –¥–æ–ø–æ–º–∞–≥–∞—î –¥—ñ—Ç—è–º –∑—Ä–æ–∑—É–º—ñ—Ç–∏, –Ω–∞–≤—ñ—â–æ —à–∫—ñ–ª—å–Ω—ñ –ø—Ä–µ–¥–º–µ—Ç–∏ –ø–æ—Ç—Ä—ñ–±–Ω—ñ –≤ —Ä–µ–∞–ª—å–Ω–æ–º—É –∂–∏—Ç—Ç—ñ. Logika  –∞–∫—Ç–∏–≤–Ω–æ —Ä–æ–∑–≤–∏–≤–∞—î—Ç—å—Å—è —ñ –≤ –∑–≤‚Äô—è–∑–∫—É —ñ–∑ —Ä–æ–∑—à–∏—Ä–µ–Ω–Ω—è–º –º–∏ –≤ –ø–æ—à—É–∫—É –≤–∏–∫–ª–∞–¥–∞—á—ñ–≤! –ú–∏ –ø—Ä–æ–ø–æ–Ω—É—î–º–æ:  –†–æ–±–æ—Ç–∞ —É –≤–∏—Ö—ñ–¥–Ω—ñ (—Å—É–±–æ—Ç–∞, –Ω–µ–¥—ñ–ª—è).  –ó–∞—Ä–æ–±—ñ—Ç–Ω–∞ –ø–ª–∞—Ç–∞: –≤—ñ–¥ 450 –≥—Ä–Ω/2 –≥–æ–¥–∏–Ω–∏  –ü–æ—Å—Ç—ñ–π–Ω–µ –Ω–∞–≤—á–∞–Ω–Ω—è –∑–∞ —Ä–∞—Ö—É–Ω–æ–∫ –∫–æ–º–ø–∞–Ω—ñ—ó –≤—ñ–¥ –Ω–∞—à–∏—Ö –ø—Ä–æ—Ñ–µ—Å—ñ–æ–Ω–∞–ª—ñ–≤.  –ó—Ä—É—á–Ω—ñ –ª–æ–∫–∞—Ü—ñ—ó.  –ö—Ä—É—Ç–µ –∫–æ–º‚Äô—é–Ω—ñ—Ç—ñ –æ–¥–Ω–æ–¥—É–º—Ü—ñ–≤!  –•—Ç–æ –Ω–∞–º –ø–æ—Ç—Ä—ñ–±–µ–Ω?  –ü–æ—Ç—Ä—ñ–±–Ω—ñ –µ–Ω–µ—Ä–≥—ñ–π–Ω—ñ —Ç–∞ –≤–º–æ—Ç–∏–≤–æ–≤–∞–Ω—ñ –≤–∏–∫–ª–∞–¥–∞—á—ñ, —è–∫—ñ –∑ –∫–æ–º–ø‚Äô—é—Ç–µ—Ä–æ–º –Ω–∞ ¬´—Ç–∏¬ª —Ç–∞ –º–∞—é—Ç—å –∞–∫—Ç–∏–≤–Ω–∏–π –ø—ñ–¥—Ö—ñ–¥ –¥–æ —Å–≤–æ—î—ó —Ä–æ–±–æ—Ç–∏.  –ù–µ–æ–±—Ö—ñ–¥–Ω—ñ –∑–Ω–∞–Ω–Ω—è —É  Python  —Ç–∞ Scratch –∞–±–æ –∂ –¥–æ—Å–≤—ñ–¥ —ñ–∑ —ñ–Ω—à–∏–º–∏ –º–æ–≤–∞–º–∏ –ø—Ä–æ–≥—Ä–∞–º—É–≤–∞–Ω–Ω—è —Ç–∞ –±–∞–∂–∞–Ω–Ω—è –≤–∏–≤—á–∞—Ç–∏ –Ω–æ–≤–µ.  –í–µ–ª–∏–∫–æ—é –ø–µ—Ä–µ–≤–∞–≥–æ—é –±—É–¥–µ –≤–∏—â–∞ –æ—Å–≤—ñ—Ç–∞ –≤ –æ–±–ª–∞—Å—Ç—ñ –Ü–¢, –∞–±–æ –∂ –ø–µ–¥–∞–≥–æ–≥—ñ–∫–∏/–ø—Å–∏—Ö–æ–ª–æ–≥—ñ—ó.  –ö–∞–Ω–¥–∏–¥–∞—Ç–∏ –∑ –¥–æ—Å–≤—ñ–¥–æ–º —Ä–æ–±–æ—Ç–∏ –∑ –¥—ñ—Ç—å–º–∏ –≤ –ø—Ä—ñ–æ—Ä–∏—Ç–µ—Ç—ñ  –Ø–∫—â–æ –≤ —Ç–µ–±–µ —â–µ –Ω–µ–º–∞—î –¥–æ—Å–≤—ñ–¥—É, –∞–ª–µ —î —Ö–∏—Å—Ç —ñ –±–∞–∂–∞–Ω–Ω—è, —à–∫–æ–ª–∞ –ø—Ä–æ–ø–æ–Ω—É—î –Ω–∞–≤—á–∞–Ω–Ω—è —ñ –ø—ñ–¥—Ç—Ä–∏–º–∫—É.  –û–±–æ–≤`—è–∑–∫–∏:  –ü—Ä–æ–≤–æ–¥–∏—Ç–∏ –∑–∞–Ω—è—Ç—Ç—è —ñ–∑ –≤–∏–∫–æ—Ä–∏—Å—Ç–∞–Ω–Ω—è–º —É–∂–µ –≥–æ—Ç–æ–≤–∏—Ö –º–µ—Ç–æ–¥–∏—á–Ω–∏—Ö –º–∞—Ç–µ—Ä—ñ–∞–ª—ñ–≤ —à–∫–æ–ª–∏ Logika;  –°—Ç–≤–æ—Ä—é–≤–∞—Ç–∏ —Ç–∞ –ø—ñ–¥—Ç—Ä–∏–º—É–≤–∞—Ç–∏ –¥—Ä—É–∂–Ω—é —Ä–æ–±–æ—á—É –∞—Ç–º–æ—Å—Ñ–µ—Ä—É;  –°–ª—ñ–¥–∫—É–≤–∞—Ç–∏ –∑–∞ —Ä–µ–∑—É–ª—å—Ç–∞—Ç–∞–º–∏ —É—á–Ω—ñ–≤;  –î–∞–≤–∞—Ç–∏ –∑–≤—ñ—Ç–∏ –∑–∞ —à–∞–±–ª–æ–Ω–∞–º–∏;  –û—Ç—Ä–∏–º—É–≤–∞—Ç–∏ –∑–∞–¥–æ–≤–æ–ª–µ–Ω–Ω—è –≤—ñ–¥ —Ä–æ–±–æ—Ç–∏ –∑ –¥—ñ—Ç–∫–∞–º–∏ ‚Äî –º–∞–π–±—É—Ç–Ω—ñ–º –Ω–∞—à–æ—ó –∫—Ä–∞—ó–Ω–∏.  –Ø–∫—â–æ —Å–∞–º–µ –¢–ò –±–∞–∂–∞—î—à –≤–ª–∞—Å–Ω–æ—Ä—É—á –∑–º—ñ–Ω—é–≤–∞—Ç–∏ –æ—Å–≤—ñ—Ç—É –Ω–∞ –∫—Ä–∞—â–µ ‚Äî —á–µ–∫–∞—î–º–æ —Å–µ—Ä–µ–¥ –æ–¥–Ω–æ–¥—É–º—Ü—ñ–≤ –≤  Logika! –ù–µ –≤—Ç—Ä–∞—á–∞–π –º–æ–∂–ª–∏–≤—ñ—Å—Ç—å ‚Äî —Ö—É—Ç—á—ñ—à –∑–∞–ª–∏—à–∞–π –≤—ñ–¥–≥—É–∫, –∞–±–æ —Ç–µ–ª–µ—Ñ–æ–Ω—É–π: 0980091818 Show phone  –ë–æ–≥–¥–∞–Ω",https://www.work.ua/en/jobs/5205296/
"–í–∏–∫–ª–∞–¥–∞—á —É –¥–∏—Ç—è—á—É IT-—à–∫–æ–ª—É –ø—Ä–æ–≥—Ä–∞–º—É–≤–∞–Ω–Ω—è (Scratch,","–ö–æ–º—É–Ω—ñ–∫–∞–±–µ–ª—å–Ω—ñ—Å—Ç—å, –ê–∫—Ç–∏–≤–Ω—ñ—Å—Ç—å, –ü—Ä–æ–≥—Ä–∞–º—É–≤–∞–Ω–Ω—è, –ö—Ä–µ–∞—Ç–∏–≤–Ω—ñ—Å—Ç—å, –¢–≤–æ—Ä—á–∏–π –ø—ñ–¥—Ö—ñ–¥, Scratch, –í–∏–∫–ª–∞–¥–∞–Ω–Ω—è",6000‚Äì10000 UAH,"Logika, –≤—Å–µ—É–∫—Ä–∞—ó–Ω—Å—å–∫–∞ —à–∫–æ–ª–∞ –ø—Ä–æ–≥—Ä–∞–º—É–≤–∞–Ω–Ω—è –¥–ª—è –¥i—Ç–µ–π","–®–∫–æ–ª–∞ Logika –∞–∫—Ç–∏–≤–Ω–æ —Ä–æ–∑–≤–∏–≤–∞—î—Ç—å—Å—è —ñ –≤ –∑–≤‚Äô—è–∑–∫—É —ñ–∑ —Ä–æ–∑—à–∏—Ä–µ–Ω–Ω—è–º —à—Ç–∞—Ç—É —Ñ–∞—Ö—ñ–≤—Ü—ñ–≤, –≤—ñ–¥–±—É–≤–∞—î—Ç—å—Å—è –ø–æ—à—É–∫ –≤–∏–∫–ª–∞–¥–∞—á—ñ–≤ —É –Ω–∞—à—É —à–∫–æ–ª—É! –í –Ω–∞—à—ñ–π —à–∫–æ–ª—ñ –ø—Ä–∏—Å—É—Ç–Ω—ñ –∫—É—Ä—Å–∏: –ö–æ–º–ø‚Äô—é—Ç–µ—Ä–Ω–∞ –≥—Ä–∞–º–æ—Ç–Ω—ñ—Å—Ç—å, Scratch, –ì–µ–π–º–¥–∏–∑–∞–π–Ω,  Python , –ì—Ä–∞—Ñ—ñ—á–Ω–∏–π –¥–∏–∑–∞–π–Ω. –ü–†–û –®–ö–û–õ–£: –ú–∏ –≤–ø—Ä–æ–≤–∞–¥–∂—É—î–º–æ –Ω–æ–≤—ñ—Ç–Ω—ñ IT —Ç–µ—Ö–Ω–æ–ª–æ–≥—ñ—ó –≤ –Ω–∞–≤—á–∞–Ω–Ω—è —à–∫–æ–ª—è—Ä—ñ–≤. –ù–∞ –Ω–∞—à–∏—Ö —É—Ä–æ–∫–∞—Ö –¥—ñ—Ç–∏ –Ω–µ –ª–∏—à–µ –≤—á–∞—Ç—å—Å—è –æ—Å–Ω–æ–≤–∞–º –ø—Ä–æ–≥—Ä–∞–º—É–≤–∞–Ω–Ω—è, –≤–æ–Ω–∏ —Ä–æ–∑–≤–∏–≤–∞—é—Ç—å —Å–≤–æ—î –ª–æ–≥—ñ—á–Ω–µ —Ç–∞ –∫—Ä–∏—Ç–∏—á–Ω–µ –º–∏—Å–ª–µ–Ω–Ω—è —ñ –≤–º—ñ–Ω–Ω—è –¥—É–º–∞—Ç–∏ —Ç–∞ –∞–Ω–∞–ª—ñ–∑—É–≤–∞—Ç–∏ —ñ–Ω—Ñ–æ—Ä–º–∞—Ü—ñ—é, –≤ –ø—Ä–æ—î–∫—Ç–Ω—ñ–π —Ä–æ–±–æ—Ç—ñ –ø—Ä–æ—è–≤–ª—è—Ç–∏ –∫—Ä–µ–∞—Ç–∏–≤–Ω—ñ—Å—Ç—å —Ç–∞ —Ç–≤–æ—Ä—á—ñ –∑–¥—ñ–±–Ω–æ—Å—Ç—ñ. –ú–∏ –ø—Ä–æ–ø–æ–Ω—É—î–º–æ:  –†–æ–±–æ—Ç–∞ —É –≤–∏—Ö—ñ–¥–Ω—ñ (—Å—É–±–æ—Ç–∞, –Ω–µ–¥—ñ–ª—è).  –í—á–∞—Å–Ω–∞ –≤–∏–ø–ª–∞—Ç–∞ –∑–∞—Ä–æ–±—ñ—Ç–Ω–æ—ó –ø–ª–∞—Ç–∏.  –ü–æ—Å—Ç—ñ–π–Ω–µ –Ω–∞–≤—á–∞–Ω–Ω—è –∑–∞ —Ä–∞—Ö—É–Ω–æ–∫ –∫–æ–º–ø–∞–Ω—ñ—ó –≤—ñ–¥ –Ω–∞—à–∏—Ö –ø—Ä–æ—Ñ–µ—Å—ñ–æ–Ω–∞–ª—ñ–≤.  –ö—Ä—É—Ç–µ –∫–æ–º‚Äô—é–Ω—ñ—Ç—ñ –æ–¥–Ω–æ–¥—É–º—Ü—ñ–≤ —Ç–∞ –∫–æ–º–ø–ª–µ–∫—Å–Ω—É –±–∞–∑—É –∑–Ω–∞–Ω—å –¥–ª—è —Å–ø—ñ–≤—Ä–æ–±—ñ—Ç–Ω–∏–∫—ñ–≤!  –ú–æ—Ç–∏–≤–∞—Ü—ñ—é –¥–ª—è –≤–∏–∫–ª–∞–¥–∞—á—ñ–≤!  –ó–∞–π–Ω—è—Ç—ñ—Å—Ç—å –≤—ñ–¥ 3‚àí7 –≥—Ä—É–ø  –ó–∞—Ä–æ–±—ñ—Ç–Ω–∞ –ø–ª–∞—Ç–∞: 500 –≥—Ä–Ω –∑–∞ –æ–¥–∏–Ω —É—Ä–æ–∫ (–≤ –∑–∞–ª–µ–∂–Ω–æ—Å—Ç—ñ –≤—ñ–¥ –∫—ñ–ª—å–∫–æ—Å—Ç—ñ –¥—ñ—Ç–µ–π —É –≥—Ä—É–ø—ñ)  –û–±–æ–≤`—è–∑–∫–∏:  –ü—Ä–æ–≤–æ–¥–∏—Ç–∏ –æ—Ñ–ª–∞–π–Ω –∑–∞–Ω—è—Ç—Ç—è —ñ–∑ –≤–∏–∫–æ—Ä–∏—Å—Ç–∞–Ω–Ω—è–º –≤–∂–µ –≥–æ—Ç–æ–≤–∏—Ö –º–µ—Ç–æ–¥–∏—á–Ω–∏—Ö —Ç–∞ –ø—Ä–∞–∫—Ç–∏—á–Ω–∏—Ö –º–∞—Ç–µ—Ä—ñ–∞–ª—ñ–≤ —à–∫–æ–ª–∏ Logika;  –°—Ç–≤–æ—Ä—é–≤–∞—Ç–∏ —Ç–∞ –ø—ñ–¥—Ç—Ä–∏–º—É–≤–∞—Ç–∏ –¥—Ä—É–∂–Ω—é —Ä–æ–±–æ—á—É –∞—Ç–º–æ—Å—Ñ–µ—Ä—É –Ω–∞ –∑–∞–Ω—è—Ç—Ç—è—Ö;  –°–ª—ñ–¥–∫—É–≤–∞—Ç–∏ –∑–∞ —Ä–µ–∑—É–ª—å—Ç–∞—Ç–∞–º–∏ —É—á–Ω—ñ–≤;  –í—á–∞—Å–Ω–æ –∑–∞–ø–æ–≤–Ω—é–≤–∞—Ç–∏ –∞–¥–º—ñ–Ω—ñ—Å—Ç—Ä–∞—Ç–∏–≤–Ω—É –∑–≤—ñ—Ç–Ω—ñ—Å—Ç—å;  –ü—Ä–æ–≤–æ–¥–∏—Ç–∏ –≤—ñ–¥–∫—Ä–∏—Ç—ñ —É—Ä–æ–∫–∏ –¥–ª—è –±–∞—Ç—å–∫—ñ–≤, —Ç–∞ –¥–∞–≤–∞—Ç–∏ –∑–≤–æ—Ä–æ—Ç–Ω—ñ–π –∑–≤‚Äô—è–∑–æ–∫ –ø—Ä–æ –Ω–∞–≤—á–∞–Ω–Ω—è –¥—ñ—Ç–µ–π;  –û—Ç—Ä–∏–º—É–≤–∞—Ç–∏ –∑–∞–¥–æ–≤–æ–ª–µ–Ω–Ω—è –≤—ñ–¥ —Ä–æ–±–æ—Ç–∏ —ñ–∑ –º–∞–π–±—É—Ç–Ω—ñ–º –Ω–∞—à–æ—ó –∫—Ä–∞—ó–Ω–∏;  –•—Ç–æ –Ω–∞–º –ø–æ—Ç—Ä—ñ–±–µ–Ω?:  –ü–æ—Ç—Ä—ñ–±–Ω—ñ  –µ–Ω–µ—Ä–≥—ñ–π–Ω—ñ  —Ç–∞  –≤–º–æ—Ç–∏–≤–æ–≤–∞–Ω—ñ  –≤–∏–∫–ª–∞–¥–∞—á—ñ, —è–∫—ñ –ª–∞–¥–Ω–∞—é—Ç—å —ñ–∑ –∫–æ–º–ø‚Äô—é—Ç–µ—Ä–æ–º –Ω–∞ ¬´—Ç–∏¬ª —Ç–∞ –º–∞—é—Ç—å  –∞–∫—Ç–∏–≤–Ω–∏–π –ø—ñ–¥—Ö—ñ–¥  –¥–æ —Å–≤–æ—î—ó —Ä–æ–±–æ—Ç–∏.  –í–∏—Å–æ–∫–æ —Ä–æ–∑–≤–∏–Ω–µ–Ω—ñ  –∫–æ–º—É–Ω—ñ–∫–∞—Ç–∏–≤–Ω—ñ  –Ω–∞–≤–∏—á–∫–∏ , –¥–æ—Å–≤—ñ–¥ –ø—É–±–ª—ñ—á–Ω–∏—Ö –≤–∏—Å—Ç—É–ø—ñ–≤  –õ—é–±–æ–≤ –¥–æ –¥—ñ—Ç–µ–π  —Ç–∞  –±–∞–∂–∞–Ω–Ω—è  –Ω–∞–≤—á–∞—Ç–∏ —Ç–∞ –Ω–∞–≤—á–∞—Ç–∏—Å—å —Ä–∞–∑–æ–º —ñ–∑ –Ω–∏–º–∏!  –ó–Ω–∞–Ω–Ω—è Scratch –∞–±–æ –≤–µ–ª–∏—á–µ–∑–Ω–µ  –±–∞–∂–∞–Ω–Ω—è –≤–∏–≤—á–∞—Ç–∏  –Ω–æ–≤–µ).  –í–µ–ª–∏–∫–æ—é –ø–µ—Ä–µ–≤–∞–≥–æ—é –±—É–¥–µ  –≤–∏—â–∞ –æ—Å–≤—ñ—Ç–∞ –≤ –æ–±–ª–∞—Å—Ç—ñ –Ü–¢ ,  –ø–µ–¥–∞–≥–æ–≥—ñ–∫–∏/–ø—Å–∏—Ö–æ–ª–æ–≥—ñ—ó.  –ö–∞–Ω–¥–∏–¥–∞—Ç–∏  –∑ –¥–æ—Å–≤—ñ–¥–æ–º —Ä–æ–±–æ—Ç–∏ –∑ –¥—ñ—Ç—å–º–∏  –≤ –ø—Ä—ñ–æ—Ä–∏—Ç–µ—Ç—ñ.  –Ø–∫—â–æ —É –í–∞—Å —â–µ –Ω–µ–º–∞—î –¥–æ—Å–≤—ñ–¥—É, –∞–ª–µ —î —Ö–∏—Å—Ç —ñ –±–∞–∂–∞–Ω–Ω—è, —à–∫–æ–ª–∞ –ø—Ä–æ–ø–æ–Ω—É—î –Ω–∞–≤—á–∞–Ω–Ω—è —ñ –ø—ñ–¥—Ç—Ä–∏–º–∫—É. –Ø–∫—â–æ —Å–∞–º–µ –í–ò –±–∞–∂–∞—î—Ç–µ –≤–ª–∞—Å–Ω–æ—Ä—É—á –∑–º—ñ–Ω—é–≤–∞—Ç–∏ –æ—Å–≤—ñ—Ç—É –Ω–∞ –∫—Ä–∞—â–µ ‚Äî —á–µ–∫–∞—î–º–æ –Ω–∞ –í–∞—Å –≤ Logika! –ù–µ –≤—Ç—Ä–∞—á–∞–π—Ç–µ –º–æ–∂–ª–∏–≤—ñ—Å—Ç—å ‚Äî —Ö—É—Ç—á—ñ—à –∑–∞–ª–∏—à–∞–π—Ç–µ –≤—ñ–¥–≥—É–∫, –∞–±–æ –∂ —Ç–µ–ª–µ—Ñ–æ–Ω—É–π—Ç–µ/–ø–∏—à—ñ—Ç—å:  0734034957 Show phone ,  0676906708 Show phone  –û–ª—å–≥–∞.",https://www.work.ua/en/jobs/5829728/
"–í–∏–∫–ª–∞–¥–∞—á —É –¥–∏—Ç—è—á—É IT-—à–∫–æ–ª—É –ø—Ä–æ–≥—Ä–∞–º—É–≤–∞–Ω–Ω—è (Scratch,","–ö–æ–º—É–Ω—ñ–∫–∞–±–µ–ª—å–Ω—ñ—Å—Ç—å, –ê–∫—Ç–∏–≤–Ω—ñ—Å—Ç—å, –ü—Ä–æ–≥—Ä–∞–º—É–≤–∞–Ω–Ω—è, –ö—Ä–µ–∞—Ç–∏–≤–Ω—ñ—Å—Ç—å, –¢–≤–æ—Ä—á–∏–π –ø—ñ–¥—Ö—ñ–¥, Scratch, –í–∏–∫–ª–∞–¥–∞–Ω–Ω—è",6000‚Äì10000 UAH,"Logika, –≤—Å–µ—É–∫—Ä–∞—ó–Ω—Å—å–∫–∞ —à–∫–æ–ª–∞ –ø—Ä–æ–≥—Ä–∞–º—É–≤–∞–Ω–Ω—è –¥–ª—è –¥i—Ç–µ–π","–®–∫–æ–ª–∞ Logika –∞–∫—Ç–∏–≤–Ω–æ —Ä–æ–∑–≤–∏–≤–∞—î—Ç—å—Å—è —ñ –≤ –∑–≤‚Äô—è–∑–∫—É —ñ–∑ —Ä–æ–∑—à–∏—Ä–µ–Ω–Ω—è–º —à—Ç–∞—Ç—É —Ñ–∞—Ö—ñ–≤—Ü—ñ–≤, –≤—ñ–¥–±—É–≤–∞—î—Ç—å—Å—è –ø–æ—à—É–∫ –≤–∏–∫–ª–∞–¥–∞—á—ñ–≤ —É –Ω–∞—à—É —à–∫–æ–ª—É! –í –Ω–∞—à—ñ–π —à–∫–æ–ª—ñ –ø—Ä–∏—Å—É—Ç–Ω—ñ –∫—É—Ä—Å–∏: –ö–æ–º–ø‚Äô—é—Ç–µ—Ä–Ω–∞ –≥—Ä–∞–º–æ—Ç–Ω—ñ—Å—Ç—å, Scratch, –ì–µ–π–º–¥–∏–∑–∞–π–Ω,  Python , –ì—Ä–∞—Ñ—ñ—á–Ω–∏–π –¥–∏–∑–∞–π–Ω. –ü–†–û –®–ö–û–õ–£: –ú–∏ –≤–ø—Ä–æ–≤–∞–¥–∂—É—î–º–æ –Ω–æ–≤—ñ—Ç–Ω—ñ IT —Ç–µ—Ö–Ω–æ–ª–æ–≥—ñ—ó –≤ –Ω–∞–≤—á–∞–Ω–Ω—è —à–∫–æ–ª—è—Ä—ñ–≤. –ù–∞ –Ω–∞—à–∏—Ö —É—Ä–æ–∫–∞—Ö –¥—ñ—Ç–∏ –Ω–µ –ª–∏—à–µ –≤—á–∞—Ç—å—Å—è –æ—Å–Ω–æ–≤–∞–º –ø—Ä–æ–≥—Ä–∞–º—É–≤–∞–Ω–Ω—è, –≤–æ–Ω–∏ —Ä–æ–∑–≤–∏–≤–∞—é—Ç—å —Å–≤–æ—î –ª–æ–≥—ñ—á–Ω–µ —Ç–∞ –∫—Ä–∏—Ç–∏—á–Ω–µ –º–∏—Å–ª–µ–Ω–Ω—è —ñ –≤–º—ñ–Ω–Ω—è –¥—É–º–∞—Ç–∏ —Ç–∞ –∞–Ω–∞–ª—ñ–∑—É–≤–∞—Ç–∏ —ñ–Ω—Ñ–æ—Ä–º–∞—Ü—ñ—é, –≤ –ø—Ä–æ—î–∫—Ç–Ω—ñ–π —Ä–æ–±–æ—Ç—ñ –ø—Ä–æ—è–≤–ª—è—Ç–∏ –∫—Ä–µ–∞—Ç–∏–≤–Ω—ñ—Å—Ç—å —Ç–∞ —Ç–≤–æ—Ä—á—ñ –∑–¥—ñ–±–Ω–æ—Å—Ç—ñ. –ú–∏ –ø—Ä–æ–ø–æ–Ω—É—î–º–æ:  –†–æ–±–æ—Ç–∞ —É –≤–∏—Ö—ñ–¥–Ω—ñ (–Ω–µ–¥—ñ–ª—è).  –í—á–∞—Å–Ω–∞ –≤–∏–ø–ª–∞—Ç–∞ –∑–∞—Ä–æ–±—ñ—Ç–Ω–æ—ó –ø–ª–∞—Ç–∏.  –ü–æ—Å—Ç—ñ–π–Ω–µ –Ω–∞–≤—á–∞–Ω–Ω—è –∑–∞ —Ä–∞—Ö—É–Ω–æ–∫ –∫–æ–º–ø–∞–Ω—ñ—ó –≤—ñ–¥ –Ω–∞—à–∏—Ö –ø—Ä–æ—Ñ–µ—Å—ñ–æ–Ω–∞–ª—ñ–≤.  –ö—Ä—É—Ç–µ –∫–æ–º‚Äô—é–Ω—ñ—Ç—ñ –æ–¥–Ω–æ–¥—É–º—Ü—ñ–≤ —Ç–∞ –∫–æ–º–ø–ª–µ–∫—Å–Ω—É –±–∞–∑—É –∑–Ω–∞–Ω—å –¥–ª—è —Å–ø—ñ–≤—Ä–æ–±—ñ—Ç–Ω–∏–∫—ñ–≤!  –ú–æ—Ç–∏–≤–∞—Ü—ñ—é –¥–ª—è –≤–∏–∫–ª–∞–¥–∞—á—ñ–≤!  –ó–∞–π–Ω—è—Ç—ñ—Å—Ç—å –≤—ñ–¥ 3‚àí7 –≥—Ä—É–ø  –ó–∞—Ä–æ–±—ñ—Ç–Ω–∞ –ø–ª–∞—Ç–∞: 500 –≥—Ä–Ω –∑–∞ –æ–¥–∏–Ω —É—Ä–æ–∫ (–≤ –∑–∞–ª–µ–∂–Ω–æ—Å—Ç—ñ –≤—ñ–¥ –∫—ñ–ª—å–∫–æ—Å—Ç—ñ –¥—ñ—Ç–µ–π —É –≥—Ä—É–ø—ñ)  –û–±–æ–≤`—è–∑–∫–∏:  –ü—Ä–æ–≤–æ–¥–∏—Ç–∏ –æ—Ñ–ª–∞–π–Ω –∑–∞–Ω—è—Ç—Ç—è —ñ–∑ –≤–∏–∫–æ—Ä–∏—Å—Ç–∞–Ω–Ω—è–º –≤–∂–µ –≥–æ—Ç–æ–≤–∏—Ö –º–µ—Ç–æ–¥–∏—á–Ω–∏—Ö —Ç–∞ –ø—Ä–∞–∫—Ç–∏—á–Ω–∏—Ö –º–∞—Ç–µ—Ä—ñ–∞–ª—ñ–≤ —à–∫–æ–ª–∏ Logika;  –°—Ç–≤–æ—Ä—é–≤–∞—Ç–∏ —Ç–∞ –ø—ñ–¥—Ç—Ä–∏–º—É–≤–∞—Ç–∏ –¥—Ä—É–∂–Ω—é —Ä–æ–±–æ—á—É –∞—Ç–º–æ—Å—Ñ–µ—Ä—É –Ω–∞ –∑–∞–Ω—è—Ç—Ç—è—Ö;  –°–ª—ñ–¥–∫—É–≤–∞—Ç–∏ –∑–∞ —Ä–µ–∑—É–ª—å—Ç–∞—Ç–∞–º–∏ —É—á–Ω—ñ–≤;  –í—á–∞—Å–Ω–æ –∑–∞–ø–æ–≤–Ω—é–≤–∞—Ç–∏ –∞–¥–º—ñ–Ω—ñ—Å—Ç—Ä–∞—Ç–∏–≤–Ω—É –∑–≤—ñ—Ç–Ω—ñ—Å—Ç—å;  –ü—Ä–æ–≤–æ–¥–∏—Ç–∏ –≤—ñ–¥–∫—Ä–∏—Ç—ñ —É—Ä–æ–∫–∏ –¥–ª—è –±–∞—Ç—å–∫—ñ–≤, —Ç–∞ –¥–∞–≤–∞—Ç–∏ –∑–≤–æ—Ä–æ—Ç–Ω—ñ–π –∑–≤‚Äô—è–∑–æ–∫ –ø—Ä–æ –Ω–∞–≤—á–∞–Ω–Ω—è –¥—ñ—Ç–µ–π;  –û—Ç—Ä–∏–º—É–≤–∞—Ç–∏ –∑–∞–¥–æ–≤–æ–ª–µ–Ω–Ω—è –≤—ñ–¥ —Ä–æ–±–æ—Ç–∏ —ñ–∑ –º–∞–π–±—É—Ç–Ω—ñ–º –Ω–∞—à–æ—ó –∫—Ä–∞—ó–Ω–∏;  –•—Ç–æ –Ω–∞–º –ø–æ—Ç—Ä—ñ–±–µ–Ω?:  –ü–æ—Ç—Ä—ñ–±–Ω—ñ  –µ–Ω–µ—Ä–≥—ñ–π–Ω—ñ  —Ç–∞  –≤–º–æ—Ç–∏–≤–æ–≤–∞–Ω—ñ  –≤–∏–∫–ª–∞–¥–∞—á—ñ, —è–∫—ñ –ª–∞–¥–Ω–∞—é—Ç—å —ñ–∑ –∫–æ–º–ø‚Äô—é—Ç–µ—Ä–æ–º –Ω–∞ ¬´—Ç–∏¬ª —Ç–∞ –º–∞—é—Ç—å  –∞–∫—Ç–∏–≤–Ω–∏–π –ø—ñ–¥—Ö—ñ–¥  –¥–æ —Å–≤–æ—î—ó —Ä–æ–±–æ—Ç–∏.  –í–∏—Å–æ–∫–æ —Ä–æ–∑–≤–∏–Ω–µ–Ω—ñ  –∫–æ–º—É–Ω—ñ–∫–∞—Ç–∏–≤–Ω—ñ  –Ω–∞–≤–∏—á–∫–∏ , –¥–æ—Å–≤—ñ–¥ –ø—É–±–ª—ñ—á–Ω–∏—Ö –≤–∏—Å—Ç—É–ø—ñ–≤  –õ—é–±–æ–≤ –¥–æ –¥—ñ—Ç–µ–π  —Ç–∞  –±–∞–∂–∞–Ω–Ω—è  –Ω–∞–≤—á–∞—Ç–∏ —Ç–∞ –Ω–∞–≤—á–∞—Ç–∏—Å—å —Ä–∞–∑–æ–º —ñ–∑ –Ω–∏–º–∏!  –ó–Ω–∞–Ω–Ω—è Scratch –∞–±–æ –≤–µ–ª–∏—á–µ–∑–Ω–µ  –±–∞–∂–∞–Ω–Ω—è –≤–∏–≤—á–∞—Ç–∏  –Ω–æ–≤–µ).  –í–µ–ª–∏–∫–æ—é –ø–µ—Ä–µ–≤–∞–≥–æ—é –±—É–¥–µ  –≤–∏—â–∞ –æ—Å–≤—ñ—Ç–∞ –≤ –æ–±–ª–∞—Å—Ç—ñ –Ü–¢ ,  –ø–µ–¥–∞–≥–æ–≥—ñ–∫–∏/–ø—Å–∏—Ö–æ–ª–æ–≥—ñ—ó.  –ö–∞–Ω–¥–∏–¥–∞—Ç–∏  –∑ –¥–æ—Å–≤—ñ–¥–æ–º —Ä–æ–±–æ—Ç–∏ –∑ –¥—ñ—Ç—å–º–∏  –≤ –ø—Ä—ñ–æ—Ä–∏—Ç–µ—Ç—ñ.  –Ø–∫—â–æ —É –í–∞—Å —â–µ –Ω–µ–º–∞—î –¥–æ—Å–≤—ñ–¥—É, –∞–ª–µ —î —Ö–∏—Å—Ç —ñ –±–∞–∂–∞–Ω–Ω—è, —à–∫–æ–ª–∞ –ø—Ä–æ–ø–æ–Ω—É—î –Ω–∞–≤—á–∞–Ω–Ω—è —ñ –ø—ñ–¥—Ç—Ä–∏–º–∫—É. –Ø–∫—â–æ —Å–∞–º–µ –í–ò –±–∞–∂–∞—î—Ç–µ –≤–ª–∞—Å–Ω–æ—Ä—É—á –∑–º—ñ–Ω—é–≤–∞—Ç–∏ –æ—Å–≤—ñ—Ç—É –Ω–∞ –∫—Ä–∞—â–µ ‚Äî —á–µ–∫–∞—î–º–æ –Ω–∞ –í–∞—Å –≤ Logika! –ù–µ –≤—Ç—Ä–∞—á–∞–π—Ç–µ –º–æ–∂–ª–∏–≤—ñ—Å—Ç—å ‚Äî —Ö—É—Ç—á—ñ—à –∑–∞–ª–∏—à–∞–π—Ç–µ –≤—ñ–¥–≥—É–∫, –∞–±–æ –∂ —Ç–µ–ª–µ—Ñ–æ–Ω—É–π—Ç–µ/–ø–∏—à—ñ—Ç—å:  0734034957 Show phone ,  0676906708 Show phone  –û–ª—å–≥–∞.",https://www.work.ua/en/jobs/5829736/
Developer,"Java, PHP, MySQL, Git, GitHub, GitLab, JavaScript, C++, PostgreSQL, React, –í—ñ–¥–ø–æ–≤—ñ–¥–∞–ª—å–Ω—ñ—Å—Ç—å, MongoDB, Docker, –ü—Ä–æ–≥—Ä–∞–º—É–≤–∞–Ω–Ω—è, –ó–Ω–∞–Ω–Ω—è –ø—Ä–∏–Ω—Ü–∏–ø—ñ–≤ –û–û–ü, AWS, C#",,PNN Soft,"Requirements:  Bachelor‚Äôs or Master‚Äôs degree in Computer Science   We are looking for Full-Stack  Python  + JS/React development, ready to implement the entire cycle of tasks: both back and front-end   Commercial experience in development using the  Python  programming language  Experience with MySQL/PostgreSQL/MongoDB or other databases   Experience with hosting Git repositories (GitHub, GitLab, Bitbucket)   English ‚Äî Intermediate level and above   Strong understanding of object-oriented programming and software development principles  Will be a plus:  Experience with Docker   Experience with Cloud technologies, Amazon Web Services (AWS), and Google Drive API  Experience working with programming languages (PHP, JS, Java, C/C++, C #)  Responsibilities:  Development and improvement of software products of both back and front-end parts of tasks   Promotion of new functional capabilities and upgrading of essential additions   Use of best practices for software development and testing, compliance with technical standards, and code quality requirements adopted by the project  Advantages:  Competitive salary  Opportunities for career growth in a successful and innovative IT company  Friendly and dynamic work environment  Corporate English  Conditions:  Full-time position  On-site or remote work options",https://www.work.ua/en/jobs/5536195/
"PHP,","PHP, Node.js, Docker, Selenium, –ü—Ä–æ–≥—Ä–∞–º—É–≤–∞–Ω–Ω—è, RabbitMQ, –ü—Ä–æ–¥—É–∫—Ç–∏–≤–Ω—ñ—Å—Ç—å, –†–æ–∑—Ä–æ–±–∫–∞ API, Apache Kafka",,Treeum,"Treeum  ‚Äî –ø—Ä–æ–¥—É–∫—Ç–æ–≤–∞ FinTech-–∫–æ–º–ø–∞–Ω—ñ—è. –ú–∏ —Ä–æ–∑—Ä–æ–±–ª—è—î–º–æ –ø–ª–∞—Ç—Ñ–æ—Ä–º–∏, –ø—Ä–æ—Å—Ç—ñ —Ç–∞ –∑—Ä—É—á–Ω—ñ —Å–µ—Ä–≤—ñ—Å–∏, —è–∫—ñ –¥–æ–∑–≤–æ–ª—è—é—Ç—å –∫–æ—Ä–∏—Å—Ç—É–≤–∞—á–∞–º –ª–µ–≥–∫–æ –≤–∏–±—Ä–∞—Ç–∏ —ñ –∑–∞–º–æ–≤–∏—Ç–∏ —Ñ—ñ–Ω–∞–Ω—Å–æ–≤—ñ –ø–æ—Å–ª—É–≥–∏. –ó–∞—Ä–∞–∑ –º–∏ –∑–Ω–∞—Ö–æ–¥–∏–º–æ—Å—å —É –ø–æ—à—É–∫–∞—Ö  PHP/ Python  Developer  –¥–ª—è —Ä–æ–±–æ—Ç–∏ –∑ –Ω–∞—à–∏–º –ø—Ä–æ–µ–∫—Ç–æ–º, SD ‚Äî —Ä–æ–∑—Ä–æ–±–∫–∞ —Ñ—É–Ω–∫—Ü—ñ–æ–Ω–∞–ª—É (–±—Ä–µ–Ω–¥-–¥–µ—Ç–µ–∫—Ç–æ—Ä). –ù–∞—à—ñ –æ—á—ñ–∫—É–≤–∞–Ω–Ω—è:  –î–æ—Å–≤—ñ–¥ —Ä–æ–±–æ—Ç–∏ –∑Python 1 —Ä—ñ–∫  –î–æ—Å–≤—ñ–¥ —Ä–æ–±–æ—Ç–∏ –∑ PHP 2 —Ä–æ–∫–∏  –î–æ—Å–≤—ñ–¥ —Ä–æ–±–æ—Ç–∏ message brokers (KAFKA, RabbitMQ)  –î–æ—Å–≤—ñ–¥ —Ä–æ–±–æ—Ç–∏ –∑ –ë–î PostgeSQL  –î–æ—Å–≤—ñ–¥ –ø—Ä–æ–µ–∫—Ç—É–≤–∞–Ω–Ω—è –ø—Ä–æ–≥—Ä–∞–º–Ω–∏—Ö —Ä—ñ—à–µ–Ω—å —ñ –Ω–∞–ø–∏—Å–∞–Ω–Ω—è –¥–æ–∫—É–º–µ—Ç–∞—Ü—ñ—ó  –î–æ—Å–≤—ñ–¥ —Ä–æ–±–æ—Ç–∏ –∑ web scraping (headless headless, selenium, nodejs)  –î–æ—Å–≤—ñ–¥ –≤ –Ω–∞–ø–∏—Å–∞–Ω–Ω—ñ —Ç–µ—Å—Ç—ñ–≤  –ë—É–¥–µ –ø–ª—é—Å–æ–º:  –ó–Ω–∞–Ω–Ω—è —ñ–Ω—à–∏—Ö –º–æ–≤ –ø—Ä–æ–≥—Ä–∞–º—É–≤–∞–Ω–Ω—è  –ó–Ω–∞–Ω–Ω—è Docker  –î–æ—Å–≤—ñ–¥ –Ω–∞–ø–∏—Å–∞–Ω–Ω—è e2e —Ç–µ—Å—Ç—ñ–≤  –í–º—ñ–Ω–Ω—è —Ä–æ–∑–±–∏—Ä–∞—Ç–∏—Å—è –≤ —á—É–∂–æ–º—É –∫–æ–¥—ñ —ñ –ø—Ä–æ—Ü–µ—Å–∞—Ö  –û–±–æ–≤‚Äô—è–∑–∫–∏ –Ω–∞ –ø–æ—Å–∞–¥—ñ:  –†–æ–∑—Ä–æ–±–∫–∞ API  –û–ø—Ç–∏–º—ñ–∑–∞—Ü—ñ—è –ø—Ä–æ–¥—É–∫—Ç–∏–≤–Ω–æ—Å—Ç—ñ  –†–æ–∑—Ä–æ–±–∫–∞ –Ω–æ–≤–æ–≥–æ —Ñ—É–Ω–∫—Ü—ñ–æ–Ω–∞–ª—É  –†–æ–∑—Ä–æ–±–∫–∞ –∑–∞–¥–∞—á –≤ —Å–∏—Å—Ç–µ–º—ñ SalesDoubler  –£—á–∞—Å—Ç—å –≤ —Å—Ç–µ–Ω–¥–∞–ø–∞—Ö —Ç–∞ –ø–ª–∞–Ω—É–≤–∞–Ω–Ω—ñ  –û—Ü—ñ–Ω–∫–∞ –∑–∞–¥–∞—á  –©–æ –º–∏ –ø—Ä–æ–ø–æ–Ω—É—î–º–æ:  –í—ñ–¥–¥–∞–ª–µ–Ω–∏–π —Ñ–æ—Ä–º–∞—Ç —Ä–æ–±–æ—Ç–∏ / –≥—ñ–±—Ä–∏–¥–Ω–∏–π / –≤ –æ—Ñ—ñ—Å—ñ –º. –ö–∏—ó–≤ ‚Äî –Ω–∞ –≤–∏–±—ñ—Ä.  –û—Ñ—ñ—Å open space –ø–æ—Ä—É—á –∑ –º–µ—Ç—Ä–æ –ü–∞–ª–∞—Ü –£–∫—Ä–∞—ó–Ω–∏  –î–æ—Å—Ç–æ–π–Ω–∏–π —Ä—ñ–≤–µ–Ω—å –∑–∞—Ä–æ–±—ñ—Ç–Ω–æ—ó –ø–ª–∞—Ç–∏  –û–ø–ª–∞—á—É–≤–∞–Ω—É –≤—ñ–¥–ø—É—Å—Ç–∫—É —Ç–∞ –ª—ñ–∫–∞—Ä–Ω—è–Ω—ñ  –ö–æ—Ä–ø–æ—Ä–∞—Ç–∏–≤–Ω—É –ø—Ä–æ–≥—Ä–∞–º—É –±–µ–Ω–µ—Ñ—ñ—Ç—ñ–≤: –¥–æ—Å—Ç—É–ø –¥–æ –º–µ–¥–∏—á–Ω–æ–≥–æ —Å—Ç—Ä–∞—Ö—É–≤–∞–Ω–Ω—è, –Ω–∞–≤—á–∞–Ω–Ω—è, —á–∏ —ñ–Ω—à–∏—Ö –∫–∞—Ç–µ–≥–æ—Ä—ñ–π –Ω–∞ –≤–∏–±—ñ—Ä  –í—ñ–¥–∫—Ä–∏—Ç—ñ—Å—Ç—å –¥–æ –Ω–æ–≤–∏—Ö —ñ–¥–µ–π —Ç–∞ –ø–µ—Ä—Å–æ–Ω–∞–ª—å–Ω–∏–π –≤–ø–ª–∏–≤ –Ω–∞ —Ä–æ–∑–≤–∏—Ç–æ–∫ –ø—Ä–æ–¥—É–∫—Ç—ñ–≤ –ù–∞–¥—Å–∏–ª–∞–π—Ç–µ –í–∞—à–µ —Ä–µ–∑—é–º–µ —ñ –ø–æ—Å–ø—ñ–ª–∫—É—î–º–æ—Å—è –±—ñ–ª—å—à –¥–µ—Ç–∞–ª—å–Ω–æ!",https://www.work.ua/en/jobs/5771266/
-–ø—Ä–æ–≥—Ä–∞–º—ñ—Å—Ç,"Knowledge of NLP techniques, Backend-—Ä–æ–∑—Ä–æ–±–∫–∞",2000‚Äì4000 UAH,Surroundly,"–ü–æ—Ç—Ä—ñ–±–Ω—ñ –∑–Ω–∞–Ω–Ω—è –º–æ–≤–Ω–∏—Ö –º–æ–¥–µ–ª–µ–π NLP —ñ —è–∫ –∑ –Ω–∏–º–∏ –ø—Ä–∞—Ü—é–≤–∞—Ç–∏.  –¢—Ä–µ–±–∞ –Ω–∞–ø–∏—Å–∞—Ç–∏ —Ñ—É–Ω–∫—Ü—ñ—é, —è–∫–∞ —Ä–æ–∑—É–º—ñ—Ç–∏–º–µ, —è–∫—ñ —Å–∫—ñ–ª–∏ –ø–æ—Ç—Ä—ñ–±–Ω—ñ –ª—é–¥–∏–Ω—ñ –∞–±–æ —è–∫—ñ –ª—é–¥–∏ –ø–æ—Ç—Ä—ñ–±–Ω—ñ –¥–ª—è –≤–∏–∫–æ–Ω–∞–Ω–Ω—è —Ü—å–æ–≥–æ –∑–∞–≤–¥–∞–Ω–Ω—è –Ω–∞ –æ—Å–Ω–æ–≤—ñ –ø—Ä–æ—Ñ—ñ–ª—é. –¶–µ –æ–¥–Ω–∞ –∑ —Ñ—ñ—á–µ–π —è–∫—É –ø–æ—Ç—Ä—ñ–±–Ω–æ –±—É–¥–µ –∑—Ä–æ–±–∏—Ç–∏.   –ù–∞—à –±–µ–∫–µ–Ω–¥ —Ü–µ C#.Net  –ù–∞—à –§—Ä–æ–Ω—Ç —Ü–µ TypeScript React",https://www.work.ua/en/jobs/5823108/
"Junior, Middle","MySQL, Git, PostgreSQL, Django, Django Rest Framework, –†–æ–±–æ—Ç–∞ –≤ –∫–æ–º–∞–Ω–¥—ñ, –ü—Ä–æ–≥—Ä–∞–º—É–≤–∞–Ω–Ω—è, –ó–Ω–∞–Ω–Ω—è –ø—Ä–∏–Ω—Ü–∏–ø—ñ–≤ –û–û–ü",,–Ü–Ω—Å–∞–π–¥–µ—Ä–∏,"About the vacavncy:   We are a young and rapidly growing company with more than 100 dedicated and highly skilled developers of various levels. As this opportunity requires working from our office, it is open exclusively to Lviv residents. To apply for this position, you will need to prepare for a technical interview to demonstrate your capabilities, skills, and knowledge.  What we expect from the candidate:    Experience in development using the  Python  programming language is required.  Knowledge of frameworks such as Django and DRF is necessary.  Understanding of the fundamental principles of object-oriented programming is essential.  Proficiency in working with databases such as MySQL and PostgreSQL is important.  Experience with version control systems like Git is mandatory.  The candidate must demonstrate seriousness and the ability to collaborate effectively both in a team and independently.  What we offer:    Convenient work schedule.  Company-provided equipment.  Friendly office atmosphere designed for comfortable work.  Official employment with a competitive salary, taking into account your skills and experience.  Support from an experienced team of developers and managers.  Exciting projects for you to participate in.  Feel free to contact us now; this could be the beginning of our collaboration! We will respond promptly upon receiving your resume.",https://www.work.ua/en/jobs/5607803/
-–ø—Ä–æ–≥—Ä–∞–º—ñ—Å—Ç,"MySQL, SQL, PostgreSQL, –ó–Ω–∞–Ω–Ω—è –ø—Ä–∏–Ω—Ü–∏–ø—ñ–≤ –û–û–ü, MongoDB, –†–æ–±–æ—Ç–∞ –≤ –∫–æ–º–∞–Ω–¥—ñ, Selenium, –ü—Ä–æ–≥—Ä–∞–º—É–≤–∞–Ω–Ω—è, Flask, SQLite, FastAPI, Aiohttp, –†–æ–∑—Ä–æ–±–∫–∞ API",20000‚Äì25000 UAH,ForceService,"–í–∏–º–æ–≥–∏ :   –ó–Ω–∞–Ω–Ω—è –æ—Å–Ω–æ–≤ –æ–±'—î–∫—Ç–Ω–æ-–æ—Ä—ñ—î–Ω—Ç–æ–≤–∞–Ω–æ–≥–æ –ø—Ä–æ–≥—Ä–∞–º—É–≤–∞–Ω–Ω—è (–û–û–ü)  –†–æ–∑—É–º—ñ–Ω–Ω—è –ø—Ä–∏–Ω—Ü–∏–ø—ñ–≤ —Ä–æ–±–æ—Ç–∏ –∑ –±–∞–∑–∞–º–∏ –¥–∞–Ω–∏—Ö (SQL)  –î–æ—Å–≤—ñ–¥ —Ä–æ–±–æ—Ç–∏ –∑ –±–∞–∑–∞–º–∏ –¥–∞–Ω–∏—Ö: MongoDB, MySQL, SQLite3, PostgreSQL  –í–º—ñ–Ω–Ω—è –ø—Ä–∞—Ü—é–≤–∞—Ç–∏ –∑ API: FastAPI, Flask  –î–æ—Å–≤—ñ–¥ –∞–≤—Ç–æ–º–∞—Ç–∏–∑–∞—Ü—ñ—ó –∑–∞ –¥–æ–ø–æ–º–æ–≥–æ—é Selenium  –†–æ–±–æ—Ç–∞ –∑ –±—ñ–±–ª—ñ–æ—Ç–µ–∫–∞–º–∏ –¥–ª—è –∑–∞–ø–∏—Ç—ñ–≤: Aiohttp, requests  –†–æ–∑—É–º—ñ–Ω–Ω—è —Ç–µ—Ö–Ω–æ–ª–æ–≥—ñ–π —à—Ç—É—á–Ω–æ–≥–æ —ñ–Ω—Ç–µ–ª–µ–∫—Ç—É: gpt, yolo  –ó–¥–∞—Ç–Ω—ñ—Å—Ç—å –µ—Ñ–µ–∫—Ç–∏–≤–Ω–æ –ø—Ä–∞—Ü—é–≤–∞—Ç–∏ –≤ –∫–æ–º–∞–Ω–¥—ñ  –ë–∞–∂–∞–Ω–Ω—è –ø–æ—Å—Ç—ñ–π–Ω–æ –≤–¥–æ—Å–∫–æ–Ω–∞–ª—é–≤–∞—Ç–∏ —Å–≤–æ—ó –Ω–∞–≤–∏—á–∫–∏  –£–º–æ–≤–∏ —Ä–æ–±–æ—Ç–∏ :   –ì–Ω—É—á–∫–∏–π –≥—Ä–∞—Ñ—ñ–∫ —Ä–æ–±–æ—Ç–∏  –ú–æ–∂–ª–∏–≤—ñ—Å—Ç—å –ø—Ä–∞—Ü—é–≤–∞—Ç–∏ –≤—ñ–¥–¥–∞–ª–µ–Ω–æ  –ö–æ–Ω–∫—É—Ä–µ–Ω—Ç–æ—Å–ø—Ä–æ–º–æ–∂–Ω–∞ –∑–∞—Ä–æ–±—ñ—Ç–Ω–∞ –ø–ª–∞—Ç–∞  –ü—Ä–æ—Ñ–µ—Å—ñ–π–Ω–∏–π —Ä–æ–∑–≤–∏—Ç–æ–∫ —ñ –Ω–∞–≤—á–∞–Ω–Ω—è  –ö–æ–º—Ñ–æ—Ä—Ç–Ω—ñ —É–º–æ–≤–∏ –ø—Ä–∞—Ü—ñ  –†–æ–±–æ—Ç–∞ –≤ –¥—Ä—É–∂–Ω—å–æ–º—É —Ç–∞ –ø—ñ–¥—Ç—Ä–∏–º—É—é—á–æ–º—É –∫–æ–ª–µ–∫—Ç–∏–≤—ñ  –û–±–æ–≤‚Äô—è–∑–∫–∏ :   –†–æ–∑—Ä–æ–±–∫–∞, —Ç–µ—Å—Ç—É–≤–∞–Ω–Ω—è —Ç–∞ –ø—ñ–¥—Ç—Ä–∏–º–∫–∞ –≤–µ–±-–¥–æ–¥–∞—Ç–∫—ñ–≤  –†–æ–±–æ—Ç–∞ –∑ –±–∞–∑–∞–º–∏ –¥–∞–Ω–∏—Ö, –æ–ø—Ç–∏–º—ñ–∑–∞—Ü—ñ—è –∑–∞–ø–∏—Ç—ñ–≤  –†–æ–∑—Ä–æ–±–∫–∞ —Ç–∞ –ø—ñ–¥—Ç—Ä–∏–º–∫–∞ API (FastAPI, Flask)  –ê–≤—Ç–æ–º–∞—Ç–∏–∑–∞—Ü—ñ—è –ø—Ä–æ—Ü–µ—Å—ñ–≤ –∑–∞ –¥–æ–ø–æ–º–æ–≥–æ—é Selenium  –Ü–Ω—Ç–µ–≥—Ä–∞—Ü—ñ—è —Ç–µ—Ö–Ω–æ–ª–æ–≥—ñ–π —à—Ç—É—á–Ω–æ–≥–æ —ñ–Ω—Ç–µ–ª–µ–∫—Ç—É –≤ –ø—Ä–æ–µ–∫—Ç–∏  –°–ø—ñ–≤–ø—Ä–∞—Ü—è –∑ —ñ–Ω—à–∏–º–∏ —á–ª–µ–Ω–∞–º–∏ –∫–æ–º–∞–Ω–¥–∏ –¥–ª—è –¥–æ—Å—è–≥–Ω–µ–Ω–Ω—è —Å–ø—ñ–ª—å–Ω–∏—Ö —Ü—ñ–ª–µ–π  –ü—ñ–¥—Ç—Ä–∏–º–∫–∞ —Ç–∞ –≤–¥–æ—Å–∫–æ–Ω–∞–ª–µ–Ω–Ω—è —ñ—Å–Ω—É—é—á–∏—Ö –ø—Ä–æ–µ–∫—Ç—ñ–≤",https://www.work.ua/en/jobs/5801650/
Full Stack Developer (,"CSS, JavaScript, HTML, MySQL, PostgreSQL, React, Docker, Django, –†–æ–±–æ—Ç–∞ –≤ –∫–æ–º–∞–Ω–¥—ñ, Angular, –ü—Ä–æ–≥—Ä–∞–º—É–≤–∞–Ω–Ω—è, AWS, –†–æ–∑—Ä–æ–±–∫–∞ API",,Dinamicka Development,"–ö–æ–º–ø–∞–Ω—ñ—è ¬´Dinamicka Development¬ª —à—É–∫–∞—î —Ç–∞–ª–∞–Ω–æ–≤–∏—Ç–æ–≥–æ  Full Stack Developer  –Ω–∞ –ø–æ—Å–∞–¥—É, —è–∫–∞ –≤–∏–º–∞–≥–∞—î –∑–Ω–∞–Ω–Ω—è –º–æ–≤–∏ –ø—Ä–æ–≥—Ä–∞–º—É–≤–∞–Ω–Ω—è  Python . –ö–∞–Ω–¥–∏–¥–∞—Ç –ø–æ–≤–∏–Ω–µ–Ω –º–∞—Ç–∏ –¥–æ—Å–≤—ñ–¥ –≤ –ø—Ä–æ–≥—Ä–∞–º—É–≤–∞–Ω–Ω—ñ –≤—ñ–¥ 5 —Ä–æ–∫—ñ–≤, –±—É—Ç–∏ –≤–º—ñ–ª–∏–º —É —Ä–æ–±–æ—Ç—ñ –∑ –±–∞–∑–∞–º–∏ –¥–∞–Ω–∏—Ö, –≤–µ–±-—Ñ—Ä–µ–π–º–≤–æ—Ä–∫–∞–º–∏ —Ç–∞ –∑–Ω–∞—Ç–∏ –æ—Å–Ω–æ–≤–Ω—ñ –ø—Ä–∏–Ω—Ü–∏–ø–∏ –≤–µ–±-—Ä–æ–∑—Ä–æ–±–∫–∏. –í–º—ñ–Ω–Ω—è –∫–æ–º—É–Ω—ñ–∫—É–≤–∞—Ç–∏ —Ç–∞ –æ–±–≥—Ä—É–Ω—Ç–æ–≤—É–≤–∞—Ç–∏ —Ä—ñ—à–µ–Ω–Ω—è, —Ç–∞ –∑–ª–∞–≥–æ–¥–∂–µ–Ω–æ—ó —Ä–æ–±–æ—Ç–∏ –≤ –∫–æ–º–∞–Ω–¥—ñ —î –¥—É–∂–µ –≤–∞–∂–ª–∏–≤–∏–º.  –û—Å–Ω–æ–≤–Ω—ñ –æ–±–æ–≤‚Äô—è–∑–∫–∏ –≤–∫–ª—é—á–∞—é—Ç—å –ø—Ä–æ–≥—Ä–∞–º—É–≤–∞–Ω–Ω—è —Ç–∞ —Ä–æ–∑—Ä–æ–±–∫—É –ø—Ä–æ–≥—Ä–∞–º–Ω–æ–≥–æ –∑–∞–±–µ–∑–ø–µ—á–µ–Ω–Ω—è —É –≤–µ–±-—Å–µ—Ä–µ–¥–æ–≤–∏—â—ñ, —Ä–æ–∑—Ä–æ–±–∫—É —Ç–∞ –ø—ñ–¥—Ç—Ä–∏–º–∫—É –≤–µ–±-–¥–æ–¥–∞—Ç–∫—ñ–≤, —Ä–æ–∑—Ä–æ–±–∫—É —Ç–∞ –Ω–∞–ª–∞—à—Ç—É–≤–∞–Ω–Ω—è –±–∞–∑ –¥–∞–Ω–∏—Ö, —Ä–æ–∑—Ä–æ–±–∫—É API —Ç–∞ —ñ–Ω—Ç–µ–≥—Ä–∞—Ü—ñ—é –∑ —ñ–Ω—à–∏–º–∏ —Å–∏—Å—Ç–µ–º–∞–º–∏, –∞ —Ç–∞–∫–æ–∂ —Ä–æ–±–æ—Ç—É –∑ –≤–µ–±-—Å–µ—Ä–≤–µ—Ä–∞–º–∏ —Ç–∞ –∫–æ–Ω—Ç–µ–π–Ω–µ—Ä–∞–º–∏. –ú–∏ —à—É–∫–∞—î–º–æ –≤–∏—Å–æ–∫–æ–∫–≤–∞–ª—ñ—Ñ—ñ–∫–æ–≤–∞–Ω—É —Ç–∞ –º–æ—Ç–∏–≤–æ–≤–∞–Ω—É –ª—é–¥–∏–Ω—É, —è–∫–∞ –±–∞–∂–∞—î —Ä–æ–∑–≤–∏–≤–∞—Ç–∏—Å—è. –£ –∫–æ–º–ø–∞–Ω—ñ—ó –ø—Ä–æ–ø–æ–Ω—É—î–º–æ –∫–æ–Ω–∫—É—Ä–µ–Ω—Ç–Ω—É –∑–∞—Ä–æ–±—ñ—Ç–Ω—É –ø–ª–∞—Ç—É, –º–æ–∂–ª–∏–≤–æ—Å—Ç—ñ –∫–∞—Ä'—î—Ä–Ω–æ–≥–æ —Ä–æ—Å—Ç—É —Ç–∞ —Ä–æ–∑–≤–∏—Ç–∫—É, –∞ —Ç–∞–∫–æ–∂ –±–∞–≥–∞—Ç–æ —ñ–Ω—à–∏—Ö –ø–µ—Ä–µ–≤–∞–≥, –ø–æ–≤‚Äô—è–∑–∞–Ω–∏—Ö –∑ —Ä–æ–±–æ—Ç–æ—é –≤ –Ω–∞—à—ñ–π –¥—Ä—É–∂–Ω—ñ–π —Ç–∞ –ø—Ä–æ—Ñ–µ—Å—ñ–π–Ω—ñ–π –∫–æ–º–∞–Ω–¥—ñ. –í–∏–º–æ–≥–∏:   –î–æ—Å–≤—ñ–¥ –∫–æ–º–µ—Ä—Ü—ñ–π–Ω–æ—ó —Ä–æ–∑—Ä–æ–±–∫–∏ –Ω–∞  Python  –≤—ñ–¥ 5 —Ä–æ–∫—ñ–≤  –î–æ—Å–≤—ñ–¥ —Ä–æ–±–æ—Ç–∏ –∑ –±–∞–∑–∞–º–∏ –¥–∞–Ω–∏—Ö (MySQL, PostgreSQL —Ç–∞ —ñ–Ω—à—ñ)  –ó–Ω–∞–Ω–Ω—è JavaScript, HTML, CSS —Ç–∞ —Ñ—Ä–µ–π–º–≤–æ—Ä–∫—ñ–≤ (Angular –∞–±–æ React —ñ–Ω—à—ñ)  –î–æ—Å–≤—ñ–¥ —Ä–æ–±–æ—Ç–∏ –∑ Django —Ç–∞ Flas   –ê–Ω–≥–ª—ñ–π—Å—å–∫–∞ ‚Äî B1 \ B2 —ñ –≤–∏—â–µ;  –ó–Ω–∞–Ω–Ω—è –∞–ª–≥–æ—Ä–∏—Ç–º—ñ–≤ —Ç–∞ —Å—Ç—Ä—É–∫—Ç—É—Ä –¥–∞–Ω–∏—Ö  –†–æ–∑—É–º—ñ–Ω–Ω—è –ø—Ä–∏–Ω—Ü–∏–ø—ñ–≤ —Ä–æ–±–æ—Ç–∏ –º–µ—Ä–µ–∂–µ–≤–∏—Ö –ø—Ä–æ—Ç–æ–∫–æ–ª—ñ–≤  –ë—É–¥–µ –ø–µ—Ä–µ–≤–∞–≥–æ—é:   ‚Äî –ó–Ω–∞–Ω–Ω—è Docker, Kubernetes  ‚Äî –î–æ—Å–≤—ñ–¥ —Ä–æ–±–æ—Ç–∏ –∑ AWS, Google Cloud  –£ –Ω–∞—Å —Ç–∏ –∑–Ω–∞–π–¥–µ—à:  –ö–æ–Ω–∫—É—Ä–µ–Ω—Ç–Ω–∏–π —Ä—ñ–≤–µ–Ω—å –∑/–ø (–∑–∞ —Ä–µ–∑—É–ª—å—Ç–∞—Ç–∞–º–∏ —ñ–Ω—Ç–µ—Ä–≤'—é)  –ó–≥—É—Ä—Ç–æ–≤–∞–Ω–∏–π –∫–æ–ª–µ–∫—Ç–∏–≤ —Å–ø–µ—Ü—ñ–∞–ª—ñ—Å—Ç—ñ–≤  –¢–∏—Ö–∏–π –æ—Ñ—ñ—Å —ñ–∑ –ª—ñ—Ç–Ω—å–æ—é —Ç–µ—Ä–∞—Å–æ—é  100% –æ–ø–ª–∞—Ç—É –≤—ñ–¥–ø—É—Å—Ç–æ–∫ —Ç–∞ –ª—ñ–∫–∞—Ä–Ω—è–Ω–∏—Ö  –ú–æ–∂–ª–∏–≤—ñ—Å—Ç—å –∫–∞—Ä'—î—Ä–Ω–æ–≥–æ –∑—Ä–æ—Å—Ç–∞–Ω–Ω—è —É –∫–æ–º–∞–Ω–¥—ñ –ø—Ä–æ—Ñ–µ—Å—ñ–æ–Ω–∞–ª—ñ–≤  –ì–Ω—É—á–∫–∏–π –ø–æ—á–∞—Ç–æ–∫ —Ä–æ–±–æ—á–æ–≥–æ –¥–Ω—è (–∑ 9 –¥–æ 12)  –ö–æ—Ä–ø–æ—Ä–∞—Ç–∏–≤–Ω—É –±—ñ–±–ª—ñ–æ—Ç–µ–∫—É –¥–ª—è —Å–ø—ñ–≤—Ä–æ–±—ñ—Ç–Ω–∏–∫—ñ–≤ –∫–æ–º–ø–∞–Ω—ñ—ó  –ö—É—Ä—Å–∏ –∞–Ω–≥–ª—ñ–π—Å—å–∫–æ—ó –º–æ–≤–∏.  –ö–æ—Ä–ø–æ—Ä–∞—Ç–∏–≤–∏ –∑ –≤–∏—ó–∑–¥–∞–º–∏ –Ω–∞ –ø—Ä–∏—Ä–æ–¥—É, —Ç—ñ–º–±—ñ–ª–¥—ñ–Ω–≥.  –ï—Ç–∞–ø–∏ —ñ–Ω—Ç–µ—Ä–≤'—é:    –Ü–Ω—Ç–µ—Ä–≤'—é –∑ —Ä–µ–∫—Ä—É—Ç–µ—Ä–æ–º ‚Äî 30 —Ö–≤–∏–ª–∏–Ω –ø–æ zoom.  –Ü–Ω—Ç–µ—Ä–≤'—é –∑ —Ç–µ—Ö–Ω—ñ—á–Ω–∏–º —ñ–Ω—Ç–µ—Ä–≤'—é–µ—Ä–æ–º 1–≥–æ–¥–∏–Ω–∞ –ø–æ zoom. –Ø–∫—â–æ —É –≤–∞—Å —î –¥–æ—Å–≤—ñ–¥ —Ä–æ–∑—Ä–æ–±–∫–∏ –Ω–∞  Python  —Ç–∞ –≤–∏ –≥–æ—Ç–æ–≤—ñ –ø—Ä–∏—î–¥–Ω–∞—Ç–∏—Å—è –¥–æ –Ω–∞—à–æ—ó –∫–æ–º–∞–Ω–¥–∏, –Ω–∞–¥—Å–∏–ª–∞–π—Ç–µ —Å–≤–æ—î —Ä–µ–∑—é–º–µ!",https://www.work.ua/en/jobs/4428355/
Backend developer (,"JavaScript, PHP, SQL, –í—ñ–¥–ø–æ–≤—ñ–¥–∞–ª—å–Ω—ñ—Å—Ç—å, –û—Ä–≥–∞–Ω—ñ–∑–æ–≤–∞–Ω—ñ—Å—Ç—å, Docker, Selenium, –ü—Ä–æ–≥—Ä–∞–º—É–≤–∞–Ω–Ω—è, –ö—Ä–µ–∞—Ç–∏–≤–Ω—ñ—Å—Ç—å, Symfony, RabbitMQ, NoSQL, Backend-—Ä–æ–∑—Ä–æ–±–∫–∞",,Zviger LLC,"–ü—Ä–∏–≤—ñ—Ç, –º–∞–π–±—É—Ç–Ω—ñ–π –∫–æ–ª–µ–≥–æ! –ú–∏ ‚Äî –∞–º–µ—Ä–∏–∫–∞–Ω—Å—å–∫–∞ –∫–æ–º–ø–∞–Ω—ñ—è –∑ —É–∫—Ä–∞—ó–Ω—Å—å–∫–∏–º –∫–æ—Ä—ñ–Ω–Ω—è–º ¬´Zviger LLC¬ª, —è–∫–∞ –Ω–∞–¥–∞—î —è–∫—ñ—Å–Ω–∏–π —Å–µ—Ä–≤—ñ—Å –ø—ñ–¥–±–æ—Ä—É –∞–≤—Ç–æ –∑ –°–®–ê –∑ 2017 —Ä–æ–∫—É. –û—Ä–≥–∞–Ω—ñ–∑—É—î–º–æ —Ç–∞ –≤—ñ–∑—å–º–µ–º–æ –ø—ñ–¥ –∫–æ–Ω—Ç—Ä–æ–ª—å –≤–µ—Å—å –ø—Ä–æ—Ü–µ—Å ‚Äî –≤—ñ–¥ –ø–æ–∫—É–ø–∫–∏ –∞–≤—Ç–æ–º–æ–±—ñ–ª—è –Ω–∞ –∞—É–∫—Ü—ñ–æ–Ω—ñ ‚Äî –¥–æ –≤–∏–≤–∞–Ω—Ç–∞–∂–µ–Ω–Ω—è –≤ –ø—É–Ω–∫—Ç—ñ –ø—Ä–∏–∑–Ω–∞—á–µ–Ω–Ω—è. –ù–∞—à —Å–∞–π—Ç:  https://zvigerauto.com/ –£ –∑–≤‚Äô—è–∑–∫—É –∑ —Ä–æ–∑—à–∏—Ä–µ–Ω–Ω—è–º —à—Ç–∞—Ç—É —à—É–∫–∞—î–º–æ Backend-developer. –ö–ª—é—á–æ–≤—ñ –∑–∞–¥–∞—á—ñ:  –†–æ–∑—Ä–æ–±–∫–∞ —Ç–∞ –ø—ñ–¥—Ç—Ä–∏–º–∫–∞ –ø—Ä–æ–¥—É–∫—Ç—ñ–≤ –∫–æ–º–ø–∞–Ω—ñ—ó;  –ü—Ä–æ–≤–µ–¥–µ–Ω–Ω—è –∫–æ–¥ ‚Äî —Ä–µ–≤‚Äô—é;  –û—Ü—ñ–Ω–∫–∞ —Ç—Ä—É–¥–æ–º—ñ—Å—Ç–∫–æ—Å—Ç—ñ –∑–∞–≤–¥–∞–Ω—å;  –í–∑–∞—î–º–æ–¥—ñ—è –∑ —ñ–Ω—à–∏–º–∏ –∫–æ–º–∞–Ω–¥–∞–º–∏: —Ä–æ–∑—Ä–æ–±–Ω–∏–∫–∞–º–∏ back-end; —Ä–æ–∑—Ä–æ–±–Ω–∏–∫–∞–º–∏ front-end; —Ç–µ—Å—Ç—É–≤–∞–ª—å–Ω–∏–∫–∞–º–∏; –∞–Ω–∞–ª—ñ—Ç–∏–∫–∞–º–∏.  –î–ª—è –Ω–∞—Å –≤–∞–∂–ª–∏–≤–æ (–Ω–∞—à—ñ –≤–∏–º–æ–≥–∏):  –ú—ñ–Ω—ñ–º—É–º 3 —Ä–æ–∫–∏ –¥–æ—Å–≤—ñ–¥—É —Ä–æ–∑—Ä–æ–±–∫–∏ –ø—Ä–æ–≥—Ä–∞–º–Ω–æ–≥–æ –∑–∞–±–µ–∑–ø–µ—á–µ–Ω–Ω—è  –î–æ—Å–≤—ñ–¥ –æ–±'—î–∫—Ç–Ω–æ-–æ—Ä—ñ—î–Ω—Ç–æ–≤–∞–Ω–æ–≥–æ –ø—Ä–æ–≥—Ä–∞–º—É–≤–∞–Ω–Ω—è  –î–æ—Å–≤—ñ–¥ —Ä–æ–±–æ—Ç–∏ –∑ –±–∞–∑–∞–º–∏ –¥–∞–Ω–∏—Ö (SQL, NoSQL)  –í–ø–µ–≤–Ω–µ–Ω–µ –∑–Ω–∞–Ω–Ω—è —Ç–∞ –¥–æ—Å–≤—ñ–¥ —Ä–æ–∑—Ä–æ–±–∫–∏ –Ω–∞  Python 3  –ó–Ω–∞–Ω–Ω—è —Ç–∞ –¥–æ—Å–≤—ñ–¥ —Ä–æ–∑—Ä–æ–±–∫–∏ –Ω–∞ PHP (Symfony), JavaScript  –î–æ—Å–≤—ñ–¥ —Ä–æ–±–æ—Ç–∏ –∑ —á–µ—Ä–≥–∞–º–∏ –ø–æ–≤—ñ–¥–æ–º–ª–µ–Ω—å (RabbitMQ)  –î–æ—Å–≤—ñ–¥ —Ä–æ–±–æ—Ç–∏ –∑ Selenium  –î–æ—Å–≤—ñ–¥ —Ä–æ–±–æ—Ç–∏ –∑ —ñ–Ω—Ç–µ–≥—Ä–∞—Ü—ñ—è–º–∏ API, –≤–º—ñ–Ω–Ω—è –±–∞—á–∏—Ç–∏ –ø—Ä–∏—Ö–æ–≤–∞–Ω—ñ –º–æ–∂–ª–∏–≤–æ—Å—Ç—ñ –≤ –¥–∞–Ω–∏—Ö  –î–æ—Å–≤—ñ–¥ —Ä–æ–±–æ—Ç–∏ –∑ Docker  –ë–∞–∑–æ–≤–∏–π –¥–æ—Å–≤—ñ–¥ –∞–¥–º—ñ–Ω—ñ—Å—Ç—Ä—É–≤–∞–Ω–Ω—è *nix —Å–∏—Å—Ç–µ–º.  –°–∞–º–æ–æ—Ä–≥–∞–Ω—ñ–∑–æ–≤–∞–Ω—ñ—Å—Ç—å, –≤—ñ–¥–ø–æ–≤—ñ–¥–∞–ª—å–Ω—ñ—Å—Ç—å, –∫—Ä–µ–∞—Ç–∏–≤–Ω—ñ—Å—Ç—å, –≤–∏–∫–æ–Ω–∞–≤—á—ñ—Å—Ç—å.  –ú–∏ –ø—Ä–æ–ø–æ–Ω—É—î–º–æ (–Ω–∞—à—ñ —É–º–æ–≤–∏):  –î–∏—Å—Ç–∞–Ω—Ü—ñ–π–Ω–∞ —Ñ–æ—Ä–º–∞ —Ä–æ–±–æ—Ç–∏;  –†–æ–±–æ—Ç–∞ —É –∫—Ä—É—Ç—ñ–π –º–æ–ª–æ–¥—ñ–π –∫–æ–º–∞–Ω–¥—ñ;  –ì—Ä–∞—Ñ—ñ–∫ —Ä–æ–±–æ—Ç–∏: 5 ‚Äî –¥–µ–Ω–Ω–∏–π —Ä–æ–±–æ—á–∏–π —Ç–∏–∂–¥–µ–Ω—å;  –í—ñ–¥–ø—É—Å—Ç–∫–∞: 20 –∫–∞–ª–µ–Ω–¥–∞—Ä–Ω–∏—Ö –¥–Ω—ñ–≤;  5 short term sick leave (day off)  –ü–µ—Ä—Å–æ–Ω–∞–ª—å–Ω–∞ –≤—ñ–¥–ø—É—Å—Ç–∫–∞ 3 –¥–Ω—ñ –ø–æ –∫–æ–∂–Ω–æ–º—É —ñ–∑ –≤–∏–ø–∞–¥–∫—ñ–≤: –æ–¥—Ä—É–∂–µ–Ω–Ω—è, –Ω–∞—Ä–æ–¥–∂–µ–Ω–Ω—è –¥–∏—Ç–∏–Ω–∏, —Å–º–µ—Ä—Ç—å –±–ª–∏–∑—å–∫–æ—ó –ª—é–¥–∏–Ω–∏;  –ë–µ–Ω–µ—Ñ—ñ—Ç–∏ –Ω–∞ –ø—Ä–∏–¥–±–∞–Ω–Ω—è –∞–≤—Ç–æ –∑ –°–®–ê;  –í–∏–¥–∞—î–º–æ Eco Flow, —â–æ–± –±—É–ª–∞ –º–æ–∂–ª–∏–≤—ñ—Å—Ç—å –ø—Ä–∞—Ü—é–≤–∞—Ç–∏ –≤ –±–ª–µ–∫–∞—É—Ç–∏;  –ö–æ–º–ø–µ–Ω—Å–∞—Ü—ñ—è –∑–æ–≤–Ω—ñ—à–Ω—å–æ–≥–æ –Ω–∞–≤—á–∞–Ω–Ω—è —Ç–∞ –∫–æ—Ä–ø–æ—Ä–∞—Ç–∏–≤–Ω–µ –Ω–∞–≤—á–∞–Ω–Ω—è;  –¢—ñ–º–±—ñ–ª–¥–∏–Ω–≥–∏;  –ú–∏ –º–æ–∂–µ–º–æ —â–µ –±–∞–≥–∞—Ç–æ —Ä–æ–∑–ø–æ–≤—ñ–¥–∞—Ç–∏, –∞–ª–µ –ø—Ä–æ–ø–æ–Ω—É—î–º–æ –ø—Ä–æ–¥–æ–≤–∂–∏—Ç–∏ –≤–∂–µ –æ—Å–æ–±–∏—Å—Ç–æ. –©–æ —Å–∫–∞–∂–µ—à?",https://www.work.ua/en/jobs/5791952/
"–í–∏–∫–ª–∞–¥–∞—á —É –¥–∏—Ç—è—á—É IT-—à–∫–æ–ª—É –ø—Ä–æ–≥—Ä–∞–º—É–≤–∞–Ω–Ω—è (Scratch,","–ö–æ–º—É–Ω—ñ–∫–∞–±–µ–ª—å–Ω—ñ—Å—Ç—å, –ê–∫—Ç–∏–≤–Ω—ñ—Å—Ç—å, –ü—Ä–æ–≥—Ä–∞–º—É–≤–∞–Ω–Ω—è, –ö—Ä–µ–∞—Ç–∏–≤–Ω—ñ—Å—Ç—å, –¢–≤–æ—Ä—á–∏–π –ø—ñ–¥—Ö—ñ–¥, Scratch, –í–∏–∫–ª–∞–¥–∞–Ω–Ω—è",6000‚Äì10000 UAH,"Logika, –≤—Å–µ—É–∫—Ä–∞—ó–Ω—Å—å–∫–∞ —à–∫–æ–ª–∞ –ø—Ä–æ–≥—Ä–∞–º—É–≤–∞–Ω–Ω—è –¥–ª—è –¥i—Ç–µ–π","–®–∫–æ–ª–∞ Logika –∞–∫—Ç–∏–≤–Ω–æ —Ä–æ–∑–≤–∏–≤–∞—î—Ç—å—Å—è —ñ –≤ –∑–≤‚Äô—è–∑–∫—É —ñ–∑ —Ä–æ–∑—à–∏—Ä–µ–Ω–Ω—è–º —à—Ç–∞—Ç—É —Ñ–∞—Ö—ñ–≤—Ü—ñ–≤, –≤—ñ–¥–±—É–≤–∞—î—Ç—å—Å—è –ø–æ—à—É–∫ –≤–∏–∫–ª–∞–¥–∞—á—ñ–≤ —É –Ω–∞—à—É —à–∫–æ–ª—É! –í –Ω–∞—à—ñ–π —à–∫–æ–ª—ñ –ø—Ä–∏—Å—É—Ç–Ω—ñ –∫—É—Ä—Å–∏: –ö–æ–º–ø‚Äô—é—Ç–µ—Ä–Ω–∞ –≥—Ä–∞–º–æ—Ç–Ω—ñ—Å—Ç—å, Scratch, –ì–µ–π–º–¥–∏–∑–∞–π–Ω,  Python . –ü–†–û –®–ö–û–õ–£: –ú–∏ –≤–ø—Ä–æ–≤–∞–¥–∂—É—î–º–æ –Ω–æ–≤—ñ—Ç–Ω—ñ IT —Ç–µ—Ö–Ω–æ–ª–æ–≥—ñ—ó –≤ –Ω–∞–≤—á–∞–Ω–Ω—è —à–∫–æ–ª—è—Ä—ñ–≤. –ù–∞ –Ω–∞—à–∏—Ö —É—Ä–æ–∫–∞—Ö –¥—ñ—Ç–∏ –Ω–µ –ª–∏—à–µ –≤—á–∞—Ç—å—Å—è –æ—Å–Ω–æ–≤–∞–º –ø—Ä–æ–≥—Ä–∞–º—É–≤–∞–Ω–Ω—è, –≤–æ–Ω–∏ —Ä–æ–∑–≤–∏–≤–∞—é—Ç—å —Å–≤–æ—î –ª–æ–≥—ñ—á–Ω–µ —Ç–∞ –∫—Ä–∏—Ç–∏—á–Ω–µ –º–∏—Å–ª–µ–Ω–Ω—è —ñ –≤–º—ñ–Ω–Ω—è –¥—É–º–∞—Ç–∏ —Ç–∞ –∞–Ω–∞–ª—ñ–∑—É–≤–∞—Ç–∏ —ñ–Ω—Ñ–æ—Ä–º–∞—Ü—ñ—é, –≤ –ø—Ä–æ—î–∫—Ç–Ω—ñ–π —Ä–æ–±–æ—Ç—ñ –ø—Ä–æ—è–≤–ª—è—Ç–∏ –∫—Ä–µ–∞—Ç–∏–≤–Ω—ñ—Å—Ç—å —Ç–∞ —Ç–≤–æ—Ä—á—ñ –∑–¥—ñ–±–Ω–æ—Å—Ç—ñ. –ú–∏ –ø—Ä–æ–ø–æ–Ω—É—î–º–æ:  –†–æ–±–æ—Ç–∞ —É –≤–∏—Ö—ñ–¥–Ω—ñ (–Ω–µ–¥—ñ–ª—è).  –í—á–∞—Å–Ω–∞ –≤–∏–ø–ª–∞—Ç–∞ –∑–∞—Ä–æ–±—ñ—Ç–Ω–æ—ó –ø–ª–∞—Ç–∏.  –ü–æ—Å—Ç—ñ–π–Ω–µ –Ω–∞–≤—á–∞–Ω–Ω—è –∑–∞ —Ä–∞—Ö—É–Ω–æ–∫ –∫–æ–º–ø–∞–Ω—ñ—ó –≤—ñ–¥ –Ω–∞—à–∏—Ö –ø—Ä–æ—Ñ–µ—Å—ñ–æ–Ω–∞–ª—ñ–≤.  –ö—Ä—É—Ç–µ –∫–æ–º‚Äô—é–Ω—ñ—Ç—ñ –æ–¥–Ω–æ–¥—É–º—Ü—ñ–≤ —Ç–∞ –∫–æ–º–ø–ª–µ–∫—Å–Ω—É –±–∞–∑—É –∑–Ω–∞–Ω—å –¥–ª—è —Å–ø—ñ–≤—Ä–æ–±—ñ—Ç–Ω–∏–∫—ñ–≤!  –ú–æ—Ç–∏–≤–∞—Ü—ñ—é –¥–ª—è –≤–∏–∫–ª–∞–¥–∞—á—ñ–≤!  –ó–∞–π–Ω—è—Ç—ñ—Å—Ç—å –≤—ñ–¥ 3‚àí7 –≥—Ä—É–ø  –ó–∞—Ä–æ–±—ñ—Ç–Ω–∞ –ø–ª–∞—Ç–∞: 440 –≥—Ä–Ω –∑–∞ –æ–¥–∏–Ω —É—Ä–æ–∫ (–≤ –∑–∞–ª–µ–∂–Ω–æ—Å—Ç—ñ –≤—ñ–¥ –∫—ñ–ª—å–∫–æ—Å—Ç—ñ –¥—ñ—Ç–µ–π —É –≥—Ä—É–ø—ñ)  –û–±–æ–≤`—è–∑–∫–∏:  –ü—Ä–æ–≤–æ–¥–∏—Ç–∏ –æ—Ñ–ª–∞–π–Ω –∑–∞–Ω—è—Ç—Ç—è —ñ–∑ –≤–∏–∫–æ—Ä–∏—Å—Ç–∞–Ω–Ω—è–º –≤–∂–µ –≥–æ—Ç–æ–≤–∏—Ö –º–µ—Ç–æ–¥–∏—á–Ω–∏—Ö —Ç–∞ –ø—Ä–∞–∫—Ç–∏—á–Ω–∏—Ö –º–∞—Ç–µ—Ä—ñ–∞–ª—ñ–≤ —à–∫–æ–ª–∏ Logika;  –°—Ç–≤–æ—Ä—é–≤–∞—Ç–∏ —Ç–∞ –ø—ñ–¥—Ç—Ä–∏–º—É–≤–∞—Ç–∏ –¥—Ä—É–∂–Ω—é —Ä–æ–±–æ—á—É –∞—Ç–º–æ—Å—Ñ–µ—Ä—É –Ω–∞ –∑–∞–Ω—è—Ç—Ç—è—Ö;  –°–ª—ñ–¥–∫—É–≤–∞—Ç–∏ –∑–∞ —Ä–µ–∑—É–ª—å—Ç–∞—Ç–∞–º–∏ —É—á–Ω—ñ–≤;  –í—á–∞—Å–Ω–æ –∑–∞–ø–æ–≤–Ω—é–≤–∞—Ç–∏ –∞–¥–º—ñ–Ω—ñ—Å—Ç—Ä–∞—Ç–∏–≤–Ω—É –∑–≤—ñ—Ç–Ω—ñ—Å—Ç—å;  –ü—Ä–æ–≤–æ–¥–∏—Ç–∏ –≤—ñ–¥–∫—Ä–∏—Ç—ñ —É—Ä–æ–∫–∏ –¥–ª—è –±–∞—Ç—å–∫—ñ–≤, —Ç–∞ –¥–∞–≤–∞—Ç–∏ –∑–≤–æ—Ä–æ—Ç–Ω—ñ–π –∑–≤‚Äô—è–∑–æ–∫ –ø—Ä–æ –Ω–∞–≤—á–∞–Ω–Ω—è –¥—ñ—Ç–µ–π;  –û—Ç—Ä–∏–º—É–≤–∞—Ç–∏ –∑–∞–¥–æ–≤–æ–ª–µ–Ω–Ω—è –≤—ñ–¥ —Ä–æ–±–æ—Ç–∏ —ñ–∑ –º–∞–π–±—É—Ç–Ω—ñ–º –Ω–∞—à–æ—ó –∫—Ä–∞—ó–Ω–∏;  –•—Ç–æ –Ω–∞–º –ø–æ—Ç—Ä—ñ–±–µ–Ω?:  –ü–æ—Ç—Ä—ñ–±–Ω—ñ  –µ–Ω–µ—Ä–≥—ñ–π–Ω—ñ  —Ç–∞  –≤–º–æ—Ç–∏–≤–æ–≤–∞–Ω—ñ  –≤–∏–∫–ª–∞–¥–∞—á—ñ, —è–∫—ñ –ª–∞–¥–Ω–∞—é—Ç—å —ñ–∑ –∫–æ–º–ø‚Äô—é—Ç–µ—Ä–æ–º –Ω–∞ ¬´—Ç–∏¬ª —Ç–∞ –º–∞—é—Ç—å  –∞–∫—Ç–∏–≤–Ω–∏–π –ø—ñ–¥—Ö—ñ–¥  –¥–æ —Å–≤–æ—î—ó —Ä–æ–±–æ—Ç–∏.  –í–∏—Å–æ–∫–æ —Ä–æ–∑–≤–∏–Ω–µ–Ω—ñ  –∫–æ–º—É–Ω—ñ–∫–∞—Ç–∏–≤–Ω—ñ  –Ω–∞–≤–∏—á–∫–∏ , –¥–æ—Å–≤—ñ–¥ –ø—É–±–ª—ñ—á–Ω–∏—Ö –≤–∏—Å—Ç—É–ø—ñ–≤  –õ—é–±–æ–≤ –¥–æ –¥—ñ—Ç–µ–π  —Ç–∞  –±–∞–∂–∞–Ω–Ω—è  –Ω–∞–≤—á–∞—Ç–∏ —Ç–∞ –Ω–∞–≤—á–∞—Ç–∏—Å—å —Ä–∞–∑–æ–º —ñ–∑ –Ω–∏–º–∏!  –ó–Ω–∞–Ω–Ω—è Scratch –∞–±–æ –≤–µ–ª–∏—á–µ–∑–Ω–µ  –±–∞–∂–∞–Ω–Ω—è –≤–∏–≤—á–∞—Ç–∏  –Ω–æ–≤–µ).  –í–µ–ª–∏–∫–æ—é –ø–µ—Ä–µ–≤–∞–≥–æ—é –±—É–¥–µ  –≤–∏—â–∞ –æ—Å–≤—ñ—Ç–∞ –≤ –æ–±–ª–∞—Å—Ç—ñ –Ü–¢ ,  –ø–µ–¥–∞–≥–æ–≥—ñ–∫–∏/–ø—Å–∏—Ö–æ–ª–æ–≥—ñ—ó.  –ö–∞–Ω–¥–∏–¥–∞—Ç–∏  –∑ –¥–æ—Å–≤—ñ–¥–æ–º —Ä–æ–±–æ—Ç–∏ –∑ –¥—ñ—Ç—å–º–∏  –≤ –ø—Ä—ñ–æ—Ä–∏—Ç–µ—Ç—ñ.  –Ø–∫—â–æ —É –í–∞—Å —â–µ –Ω–µ–º–∞—î –¥–æ—Å–≤—ñ–¥—É, –∞–ª–µ —î —Ö–∏—Å—Ç —ñ –±–∞–∂–∞–Ω–Ω—è, —à–∫–æ–ª–∞ –ø—Ä–æ–ø–æ–Ω—É—î –Ω–∞–≤—á–∞–Ω–Ω—è —ñ –ø—ñ–¥—Ç—Ä–∏–º–∫—É. –Ø–∫—â–æ —Å–∞–º–µ –í–ò –±–∞–∂–∞—î—Ç–µ –≤–ª–∞—Å–Ω–æ—Ä—É—á –∑–º—ñ–Ω—é–≤–∞—Ç–∏ –æ—Å–≤—ñ—Ç—É –Ω–∞ –∫—Ä–∞—â–µ ‚Äî —á–µ–∫–∞—î–º–æ –Ω–∞ –í–∞—Å –≤ Logika! –ù–µ –≤—Ç—Ä–∞—á–∞–π—Ç–µ –º–æ–∂–ª–∏–≤—ñ—Å—Ç—å ‚Äî —Ö—É—Ç—á—ñ—à –∑–∞–ª–∏—à–∞–π—Ç–µ –≤—ñ–¥–≥—É–∫, –∞–±–æ –∂ —Ç–µ–ª–µ—Ñ–æ–Ω—É–π—Ç–µ/–ø–∏—à—ñ—Ç—å:  0734034957 Show phone ,  0676906708 Show phone  –û–ª—å–≥–∞.",https://www.work.ua/en/jobs/5807843/
"–í–∏–∫–ª–∞–¥–∞—á JS, CSS, HTML,",,,Romstal –õi–≤–æ–±–µ—Ä–µ–∂–Ω–∏–π,"–ü–æ—Ç—Ä—ñ–±–µ–Ω –≤–∏–∫–ª–∞–¥–∞—á –∑—ñ –∑–Ω–∞–Ω–Ω—è–º–∏:  React, JS, Photoshop (–ø—Ä–æ–≥—Ä–∞–º—É–≤–∞–Ω–Ω—è –¥–ª—è –¥—ñ—Ç–µ–π)  –º–æ–≤ –ø—Ä–æ–≥—Ä–∞–º—É–≤–∞–Ω–Ω—è  –≥—Ä–∞—Ñ—ñ—á–Ω–∏—Ö —Ä–µ–¥–∞–∫—Ç–æ—Ä—ñ–≤  —Å—Ç–≤–æ—Ä–µ–Ω–Ω—è —Å–∞–π—Ç—ñ–≤  —Å—Ç–≤–æ—Ä–µ–Ω–Ω—è —ñ–≥–æ—Ä  –Ñ –ø—Ä–æ–≥—Ä–∞–º–∞ –Ω–∞–≤—á–∞–Ω–Ω—è, –≤–∏—Å–ª—É—Ö–∞—î–º–æ –≤–∞—à—ñ –ø—Ä–æ–ø–æ–∑–∏—Ü—ñ—ó —Ç–∞ –¥–æ—Å–≤—ñ–¥.  –ú–∏ –ø—Ä–æ–ø–æ–Ω—É—î–º–æ:  –ì—ñ–¥–Ω–∞ —Ñ—ñ–Ω–∞–Ω—Å–æ–≤–∞ –≤–∏–Ω–∞–≥–æ—Ä–æ–¥–∞  –ù–æ–≤–∏–π –∫–æ–º—Ñ–æ—Ä—Ç–∞–±–µ–ª—å–Ω–∏–π –æ—Ñ—ñ—Å –∑–∞ 2 —Ö–≤–∏–ª–∏–Ω–∏ —Ö–æ–¥—å–±–∏ –≤—ñ–¥ –º. –î–∞—Ä–Ω–∏—Ü—è.  –í–ª–∞—Å–Ω—ñ –∑–æ–Ω–∏ –≤—ñ–¥–ø–æ—á–∏–Ω–∫—É  –†–æ–±–æ—Ç—É –≤ –º–æ–ª–æ–¥—ñ–π –¥—Ä—É–∂–Ω—ñ–π –∫–æ–º–∞–Ω–¥—ñ, –∑ –Ω–∞–π—Ü—ñ–∫–∞–≤—ñ—à–∏–º–∏ –ø–∞—Ä—Ç–Ω–µ—Ä–∞–º–∏ —Ç–∞ –∫–æ–º–ø–∞–Ω—ñ—è–º–∏  –í–º—ñ–Ω–Ω—è —Ü—ñ–∫–∞–≤–æ –ø–æ–¥–∞—Ç–∏ —ñ–Ω—Ñ–æ—Ä–º–∞—Ü—ñ—é. –î—ñ—Ç–∏ 8‚àí16 —Ä–æ–∫—ñ–≤.  –ì–æ—Ç–æ–≤—ñ –≤–∑—è—Ç–∏ —Å—Ç—É–¥–µ–Ω—Ç–∞ –û–ø–ª–∞—Ç–∞ –ø–æ–≥–æ–¥–∏–Ω–Ω–∞, —Ä–æ–±–æ—Ç–∞ —É –≤–∏—Ö—ñ–¥–Ω—ñ https://itschool.ua",https://www.work.ua/en/jobs/3884428/
"–í–∏–∫–ª–∞–¥–∞—á JS, CSS, HTML,",,10000‚Äì16000 UAH,SitePro,"–ü–æ—Ç—Ä—ñ–±–µ–Ω –≤–∏–∫–ª–∞–¥–∞—á –∑—ñ –∑–Ω–∞–Ω–Ω—è–º–∏:  React, JS, Photoshop (–ø—Ä–æ–≥—Ä–∞–º—É–≤–∞–Ω–Ω—è –¥–ª—è –¥—ñ—Ç–µ–π)  –º–æ–≤ –ø—Ä–æ–≥—Ä–∞–º—É–≤–∞–Ω–Ω—è  –≥—Ä–∞—Ñ—ñ—á–Ω–∏—Ö —Ä–µ–¥–∞–∫—Ç–æ—Ä—ñ–≤  —Å—Ç–≤–æ—Ä–µ–Ω–Ω—è —Å–∞–π—Ç—ñ–≤  —Å—Ç–≤–æ—Ä–µ–Ω–Ω—è —ñ–≥–æ—Ä  –Ñ –ø—Ä–æ–≥—Ä–∞–º–∞ –Ω–∞–≤—á–∞–Ω–Ω—è, –≤–∏—Å–ª—É—Ö–∞—î–º–æ –≤–∞—à—ñ –ø—Ä–æ–ø–æ–∑–∏—Ü—ñ—ó —Ç–∞ –¥–æ—Å–≤—ñ–¥.  –ú–∏ –ø—Ä–æ–ø–æ–Ω—É—î–º–æ:  –ì—ñ–¥–Ω–∞ —Ñ—ñ–Ω–∞–Ω—Å–æ–≤–∞ –≤–∏–Ω–∞–≥–æ—Ä–æ–¥–∞  –ù–æ–≤–∏–π –∫–æ–º—Ñ–æ—Ä—Ç–∞–±–µ–ª—å–Ω–∏–π –æ—Ñ—ñ—Å –∑–∞ 2 —Ö–≤–∏–ª–∏–Ω–∏ —Ö–æ–¥—å–±–∏ –≤—ñ–¥ –º. –î–∞—Ä–Ω–∏—Ü—è.  –í–ª–∞—Å–Ω—ñ –∑–æ–Ω–∏ –≤—ñ–¥–ø–æ—á–∏–Ω–∫—É  –†–æ–±–æ—Ç—É –≤ –º–æ–ª–æ–¥—ñ–π –¥—Ä—É–∂–Ω—ñ–π –∫–æ–º–∞–Ω–¥—ñ, –∑ –Ω–∞–π—Ü—ñ–∫–∞–≤—ñ—à–∏–º–∏ –ø–∞—Ä—Ç–Ω–µ—Ä–∞–º–∏ —Ç–∞ –∫–æ–º–ø–∞–Ω—ñ—è–º–∏  –í–º—ñ–Ω–Ω—è —Ü—ñ–∫–∞–≤–æ –ø–æ–¥–∞—Ç–∏ —ñ–Ω—Ñ–æ—Ä–º–∞—Ü—ñ—é. –î—ñ—Ç–∏ 8‚àí16 —Ä–æ–∫—ñ–≤. –ì–æ—Ç–æ–≤—ñ –≤–∑—è—Ç–∏ —Å—Ç—É–¥–µ–Ω—Ç–∞ –û–ø–ª–∞—Ç–∞ –ø–æ–≥–æ–¥–∏–Ω–Ω–∞, —Ä–æ–±–æ—Ç–∞ —É –≤–∏—Ö—ñ–¥–Ω—ñ https://itschool.ua",https://www.work.ua/en/jobs/3747068/
–í–∏–∫–ª–∞–¥–∞—á,"–ê–∫—Ç–∏–≤–Ω—ñ—Å—Ç—å, –ü—Ä–æ–≥—Ä–∞–º—É–≤–∞–Ω–Ω—è, –ö—Ä–µ–∞—Ç–∏–≤–Ω—ñ—Å—Ç—å, –¢–≤–æ—Ä—á–∏–π –ø—ñ–¥—Ö—ñ–¥, –í–∏–∫–ª–∞–¥–∞–Ω–Ω—è, –ö–æ–º–ø º—é—Ç–µ—Ä–Ω–∞ –≥—Ä–∞–º–æ—Ç–Ω—ñ—Å—Ç—å, –ü—É–Ω–∫—Ç—É–∞–ª—å–Ω—ñ—Å—Ç—å, –í–≤—ñ—á–ª–∏–≤—ñ—Å—Ç—å, –ì—Ä–∞—Ñ—ñ—á–Ω–∏–π –¥–∏–∑–∞–π–Ω, –ö–æ—Ä–∏—Å—Ç—É–≤–∞—á –ü–ö",10000‚Äì16000 UAH,"Logika, –≤—Å–µ—É–∫—Ä–∞—ó–Ω—Å—å–∫–∞ —à–∫–æ–ª–∞ –ø—Ä–æ–≥—Ä–∞–º—É–≤–∞–Ω–Ω—è –¥–ª—è –¥i—Ç–µ–π","–•—Ç–æ —Ç–∞–∫–∞ Logika: –ú–∏ –≤–ø—Ä–æ–≤–∞–¥–∂—É—î–º–æ –Ω–æ–≤—ñ—Ç–Ω—ñ IT —Ç–µ—Ö–Ω–æ–ª–æ–≥—ñ—ó –≤ –Ω–∞–≤—á–∞–Ω–Ω—è —à–∫–æ–ª—è—Ä—ñ–≤. –ù–∞ –Ω–∞—à–∏—Ö —É—Ä–æ–∫–∞—Ö –¥—ñ—Ç–∏ –Ω–µ –ª–∏—à–µ –≤—á–∞—Ç—å—Å—è –æ—Å–Ω–æ–≤–∞–º –ø—Ä–æ–≥—Ä–∞–º—É–≤–∞–Ω–Ω—è, –≤–æ–Ω–∏ —Ä–æ–∑–≤–∏–≤–∞—é—Ç—å –ª–æ–≥—ñ–∫—É —ñ –≤–º—ñ–Ω–Ω—è –¥—É–º–∞—Ç–∏, –∞ –≤ –ø—Ä–æ–µ–∫—Ç–Ω—ñ–π —Ä–æ–±–æ—Ç—ñ –ø—Ä–æ—è–≤–ª—è—é—Ç—å –∫—Ä–µ–∞—Ç–∏–≤–Ω—ñ—Å—Ç—å —Ç–∞ —Ç–≤–æ—Ä—á—ñ –∑–¥—ñ–±–Ω–æ—Å—Ç—ñ. –•—Ç–æ –Ω–∞–º –ø–æ—Ç—Ä—ñ–±–µ–Ω?:  –ü–æ—Ç—Ä—ñ–±–Ω—ñ –µ–Ω–µ—Ä–≥—ñ–π–Ω—ñ —Ç–∞ –≤–º–æ—Ç–∏–≤–æ–≤–∞–Ω—ñ –≤–∏–∫–ª–∞–¥–∞—á—ñ, —è–∫—ñ –ª–∞–¥–Ω–∞—é—Ç—å —ñ–∑ –∫–æ–º–ø‚Äô—é—Ç–µ—Ä–æ–º –Ω–∞ ¬´—Ç–∏¬ª —Ç–∞ –º–∞—é—Ç—å –∞–∫—Ç–∏–≤–Ω–∏–π –ø—ñ–¥—Ö—ñ–¥ –¥–æ —Å–≤–æ—î—ó —Ä–æ–±–æ—Ç–∏.  –ù–µ–æ–±—Ö—ñ–¥–Ω—ñ –∑–Ω–∞–Ω–Ω—è —É IT  –í–µ–ª–∏–∫–æ—é –ø–µ—Ä–µ–≤–∞–≥–æ—é –±—É–¥–µ –æ—Å–≤—ñ—Ç–∞ –≤ –æ–±–ª–∞—Å—Ç—ñ –ø–µ–¥–∞–≥–æ–≥—ñ–∫–∏/–ø—Å–∏—Ö–æ–ª–æ–≥—ñ—ó.  –í–º—ñ—Ç–∏ –ø—Ä–æ–≤–æ–¥–∏—Ç–∏ –∑–∞–Ω—è—Ç—Ç—è —ñ–∑ –≤–∏–∫–æ—Ä–∏—Å—Ç–∞–Ω–Ω—è–º —É–∂–µ  –≥–æ—Ç–æ–≤–∏—Ö –º–µ—Ç–æ–¥–∏—á–Ω–∏—Ö –º–∞—Ç–µ—Ä—ñ–∞–ª—ñ–≤  –Ø–∫—â–æ –≤ —Ç–µ–±–µ —â–µ –Ω–µ–º–∞—î –¥–æ—Å–≤—ñ–¥—É, –∞–ª–µ —î —Ö–∏—Å—Ç —ñ –±–∞–∂–∞–Ω–Ω—è,  —à–∫–æ–ª–∞ –ø—Ä–æ–ø–æ–Ω—É—î –Ω–∞–≤—á–∞–Ω–Ω—è —ñ –ø—ñ–¥—Ç—Ä–∏–º–∫—É  –ú–∏ –ø—Ä–æ–ø–æ–Ω—É—î–º–æ:  –†–æ–±–æ—Ç–∞ —É –≤–∏—Ö—ñ–¥–Ω—ñ —Ç–∞ –±—É–¥–Ω—ñ.  –ó–∞—Ä–æ–±—ñ—Ç–Ω–∞ –ø–ª–∞—Ç–∞: —Å—Ç–∞–±—ñ–ª—å–Ω–µ –ø—ñ–¥–≤–∏—â–µ–Ω–Ω—è, –∑–∞–ª–µ–∂–Ω–æ –≤—ñ–¥ –Ω–∞–≤–∞–Ω—Ç–∞–∂–µ–Ω–Ω—è  –ü–æ—Å—Ç—ñ–π–Ω–µ –Ω–∞–≤—á–∞–Ω–Ω—è –∑–∞ —Ä–∞—Ö—É–Ω–æ–∫ –∫–æ–º–ø–∞–Ω—ñ—ó –≤—ñ–¥ –Ω–∞—à–∏—Ö –ø—Ä–æ—Ñ–µ—Å—ñ–æ–Ω–∞–ª—ñ–≤.  –ó—Ä—É—á–Ω—ñ —Ç–∞ —Å—É—á–∞—Å–Ω—ñ –∫–∞–±—ñ–Ω–µ—Ç–∏.  –Ø–∫—â–æ —Å–∞–º–µ –í–ò –±–∞–∂–∞—î—Ç–µ –≤–ª–∞—Å–Ω–æ—Ä—É—á –∑–º—ñ–Ω—é–≤–∞—Ç–∏ –æ—Å–≤—ñ—Ç—É –Ω–∞ –∫—Ä–∞—â–µ ‚Äî —Ö–æ–¥—ñ–º –¥–æ Logika –ù–µ –≤—Ç—Ä–∞—á–∞–π –º–æ–∂–ª–∏–≤—ñ—Å—Ç—å ‚Äî —Ö—É—Ç—á—ñ—à –∑–∞–ª–∏—à–∞–π –≤—ñ–¥–≥—É–∫! –¢–µ–ª–µ—Ñ–æ–Ω—É–π—Ç–µ, –∞ —Ç–∞–∫–æ–∂ –ü–ò–®–Ü–¢–¨ –£ –¢–ï–õ–ï–ì–†–ê–ú @redlight312. +380 95 564 13 01 Show phone  –ú–∏—Ö–∞–π–ª–æ",https://www.work.ua/en/jobs/5733817/
Developer (Data Engineering for Financial project),"MS Excel, SQL, JSON",80000‚Äì100000 UAH,AGU,"Python  Developer & Data Engineering for Financial project. Experience 3+ years working on commercial projects in fintech preferable.  We are looking for experienced  Python  with data engineering skills., understanding data and can work with formulas, quick and easy fix issues and find problems  Transform excel formulas to SQL and  python  code link with JSON external data inputs and visualize data. Create marketplace features etc.  Available right away to high work load. Please send your application with the most complex projects was done by you with  Python  or in Data engineering, If its Financial sector will be an advantage. Please include in application your expectation for one month high load work.",https://www.work.ua/en/jobs/5816815/
developer,"SQL, Git, –í—ñ–¥–ø–æ–≤—ñ–¥–∞–ª—å–Ω—ñ—Å—Ç—å, Docker, Django, Selenium, Flask, FastAPI, Playwright",20000‚Äì35000 UAH,Udata,"Key Responsibilities  Develop and maintain scraping projects using  python  Collaborate with the team to develop new features  Stay up-to-date with emerging technologies and industry trends.  Be in-touch with customers  Requirements :  Experience with library Requests BeautifulSoup4 Selenium or Playwright  Basic understanding of GIT  Experience with one of Web framework Django or FastAPI or Flask  Experience with SQL data bases  Basic understanding of Docker, Docker composeMin.  B1 English lelel  What We Offer  Competitive salary and benefits  Modern office in Kyiv   Corporative taxi  Opportunity to work on an exciting and impactful project  A collaborative and innovative work environment  Professional growth and development opportunities  Flexible working hours and remote work option",https://www.work.ua/en/jobs/5820099/
-–ø—Ä–æ–≥—Ä–∞–º–º–∏—Å—Ç,"CSS, –ö–æ—Ä–∏—Å—Ç—É–≤–∞—á –û–° Linux, HTML, –í–µ–¥–µ–Ω–Ω—è CRM, MySQL, JavaScript, Django, nginx, –ü—Ä–æ–≥—Ä–∞–º—É–≤–∞–Ω–Ω—è",,"–ï–Ω–µ—Ä–¥–∂—ñ –Æ–ê, –¢–û–í","–û–ø–∏—Å –≤–∞–∫–∞–Ω—Å—ñ—ó  –ó–∞–ø—Ä–æ—à—É—î–º–æ –¥–æ —Å–ø—ñ–≤–ø—Ä–∞—Ü—ñ –∫–æ–º–ø–µ—Ç–µ–Ω—Ç–Ω–æ–≥–æ –ø—Ä–æ–≥—Ä–∞–º—ñ—Å—Ç–∞ –¥–ª—è –≤—ñ–¥–¥–∞–ª–µ–Ω–æ—ó —Ä–æ–±–æ—Ç–∏.  –ù–∞—à —ñ–¥–µ–∞–ª—å–Ω–∏–π –∫–∞–Ω–¥–∏–¥–∞—Ç:   –ß–æ–ª–æ–≤—ñ–∫ –≤—ñ–¥ 30 —Ä–æ–∫—ñ–≤;  –ú–∞—î –±–∞–∑–æ–≤—ñ –∑–Ω–∞–Ω–Ω—è —Ñ—Ä–µ–π–º–≤–æ—Ä–∫—É Django ( Python );  –ë–∞–∑–æ–≤—ñ –∑–Ω–∞–Ω–Ω—è HTML, CSS, JS (–¥–ª—è —Ñ—Ä–æ–Ω—Ç–µ–Ω–¥—É);  –ë–∞–∑–æ–≤—ñ –∑–Ω–∞–Ω–Ω—è —Ä–æ–±–æ—Ç–∏ –∑ –≤–µ–±-—Å–µ—Ä–≤–µ—Ä–æ–º Nginx + Gunicorn –∞–±–æ UWSGI;  –ù–∞–≤–∏—á–∫–∏ –≤—Å—Ç–∞–Ω–æ–≤–ª–µ–Ω–Ω—è —Ç–∞ –Ω–∞–ª–∞—à—Ç—É–≤–∞–Ω–Ω—è —Å–∏—Å—Ç–µ–º —Å—ñ–º–µ–π—Å—Ç–≤–∞ Linux;  –ë–∞–∑–æ–≤—ñ –∑–Ω–∞–Ω–Ω—è —Ä–æ–±–æ—Ç–∏ –∑ MySQL (Mariadb);  –†–æ–∑—É–º—ñ–Ω–Ω—è –Ω–∞–ª–∞—à—Ç—É–≤–∞–Ω–Ω—è iptables;  –ë–∞–∑–æ–≤—ñ –∑–Ω–∞–Ω–Ω—è —ñ–Ω—Ç–µ–≥—Ä–∞—Ü—ñ–π –ø–æ API –¥–æ —Ö–º–∞—Ä–Ω–∏—Ö —Å–µ—Ä–≤—ñ—Å—ñ–≤ (SendGrid, Google).  –ó —á–∏–º –ø–æ—Ç—Ä—ñ–±–Ω–æ –±—É–¥–µ –ø—Ä–∞—Ü—é–≤–∞—Ç–∏:   –ù–∞–ø–∏—Å–∞–Ω–Ω—è CRM-—Å–∏—Å—Ç–µ–º –Ω–∞ Django + —Ä–æ–∑—Ä–æ–±–∫–∞ –Ω–æ–≤–æ–≥–æ —Ñ—É–Ω–∫—Ü—ñ–æ–Ω–∞–ª—É.  –ü—Ä–æ–ø–æ–Ω—É—î–º–æ:   –í—ñ–¥–¥–∞–ª–µ–Ω—É —Ä–æ–±–æ—Ç—É;  –°–≤–æ—î—á–∞—Å–Ω—É –æ–ø–ª–∞—Ç—É –ø–æ–≥–æ–¥–∏–Ω–Ω–æ—ó –ø—Ä–∞—Ü—ñ.  –ë—É–¥—å –ª–∞—Å–∫–∞, –Ω–∞–¥—Å–∏–ª–∞–π—Ç–µ —Å–≤–æ—î —Ä–µ–∑—é–º–µ! –ú–∏ –æ–±–æ–≤‚Äô—è–∑–∫–æ–≤–æ –∑–≤‚Äô—è–∂–µ–º–æ—Å—è –∑ –í–∞–º–∏, —è–∫—â–æ –í–∞—à—ñ –Ω–∞–≤–∏—á–∫–∏ –≤—ñ–¥–ø–æ–≤—ñ–¥–∞—é—Ç—å –≤–∏–º–æ–≥–∞–º.",https://www.work.ua/en/jobs/5823832/
